Date,VZ_Close_Last,T_Close_Last
2022-11-28,38.24,18.82
2022-11-25,39.02,19.12
2022-11-23,38.92,19.09
2022-11-22,39.2,19.0
2022-11-21,38.62,18.84
2022-11-18,38.55,18.97
2022-11-17,38.16,18.95
2022-11-16,37.88,18.93
2022-11-15,37.7,19.02
2022-11-14,38.31,19.06
2022-11-11,38.3,19.05
2022-11-10,38.52,18.84
2022-11-09,37.62,18.38
2022-11-08,37.87,18.57
2022-11-07,37.19,18.36
2022-11-04,37.24,18.32
2022-11-03,37.15,18.17
2022-11-02,37.71,18.43
2022-11-01,37.37,18.35
2022-10-31,37.37,18.23
2022-10-28,37.67,18.48
2022-10-27,36.18,18.03
2022-10-26,36.43,18.14
2022-10-25,36.43,17.69
2022-10-24,35.97,17.51
2022-10-21,35.35,17.1
2022-10-20,37.0,16.74
2022-10-19,36.57,15.54
2022-10-18,37.07,15.6
2022-10-17,37.18,15.31
2022-10-14,36.38,14.99
2022-10-13,36.4,15.12
2022-10-12,35.68,14.63
2022-10-11,35.94,14.81
2022-10-10,36.62,14.9
2022-10-07,36.85,14.94
2022-10-06,37.84,15.32
2022-10-05,39.4,15.93
2022-10-04,39.81,16.09
2022-10-03,39.16,15.9
2022-09-30,37.97,15.34
2022-09-29,38.64,15.53
2022-09-28,39.39,15.83
2022-09-27,38.89,15.73
2022-09-26,38.93,15.67
2022-09-23,39.52,16.01
2022-09-22,39.93,16.24
2022-09-21,39.48,16.25
2022-09-20,40.59,16.56
2022-09-19,41.24,16.76
2022-09-16,41.25,16.74
2022-09-15,41.03,16.76
2022-09-14,41.28,16.77
2022-09-13,41.75,16.83
2022-09-12,42.76,17.38
2022-09-09,42.24,17.03
2022-09-08,41.32,16.77
2022-09-07,41.08,16.87
2022-09-06,41.1,16.79
2022-09-02,41.3,17.19
2022-09-01,41.81,17.5
2022-08-31,41.81,17.54
2022-08-30,42.53,17.82
2022-08-29,43.33,17.78
2022-08-26,43.25,17.89
2022-08-25,43.74,18.09
2022-08-24,43.55,18.01
2022-08-23,43.47,18.06
2022-08-22,44.17,18.13
2022-08-19,44.42,18.43
2022-08-18,44.19,18.43
2022-08-17,45.34,18.42
2022-08-16,45.8,18.57
2022-08-15,45.56,18.39
2022-08-12,45.15,18.27
2022-08-11,44.78,18.04
2022-08-10,44.84,18.01
2022-08-09,44.68,18.1
2022-08-08,44.54,18.0
2022-08-05,44.95,18.35
2022-08-04,44.43,18.27
2022-08-03,45.33,18.37
2022-08-02,45.34,18.36
2022-08-01,46.26,18.73
2022-07-29,46.19,18.78
2022-07-28,45.55,18.58
2022-07-27,44.91,18.39
2022-07-26,44.92,18.3
2022-07-25,44.76,18.53
2022-07-22,44.45,18.4
2022-07-21,47.66,18.92
2022-07-20,49.07,20.48
2022-07-19,50.45,20.8
2022-07-18,50.28,20.53
2022-07-15,51.02,20.57
2022-07-14,50.49,20.33
2022-07-13,50.51,20.45
2022-07-12,50.78,20.6
2022-07-11,50.5,20.66
2022-07-08,50.49,20.8
2022-07-07,50.71,21.15
2022-07-06,51.51,21.09
2022-07-05,51.42,21.17
2022-07-01,51.64,21.31
2022-06-30,50.75,20.96
2022-06-29,50.94,20.95
2022-06-28,50.46,20.61
2022-06-27,50.96,20.78
2022-06-24,50.96,20.99
2022-06-23,52.09,20.61
2022-06-22,50.79,20.32
2022-06-21,50.65,19.96
2022-06-17,49.03,19.38
2022-06-16,48.84,18.96
2022-06-15,49.15,19.44
2022-06-14,49.16,19.45
2022-06-13,49.59,19.76
2022-06-10,50.82,20.69
2022-06-09,50.94,20.88
2022-06-08,51.55,21.05
2022-06-07,51.65,21.14
2022-06-06,51.24,20.94
2022-06-03,50.81,20.9
2022-06-02,51.29,21.19
2022-06-01,51.4,21.22
2022-05-31,51.29,21.29
2022-05-27,51.4,21.29
2022-05-26,50.99,21.32
2022-05-25,51.24,21.3
2022-05-24,50.68,21.16
2022-05-23,49.67,20.74
2022-05-20,49.53,20.4
2022-05-19,49.1,20.21
2022-05-18,48.89,20.23
2022-05-17,48.94,20.57
2022-05-16,49.04,20.28
2022-05-13,48.18,19.84
2022-05-12,48.06,19.72
2022-05-11,47.88,19.43
2022-05-10,48.13,19.36
2022-05-09,48.62,19.55
2022-05-06,48.27,20.03
2022-05-05,47.84,19.95
2022-05-04,48.37,19.95
2022-05-03,47.17,19.33
2022-05-02,46.23,19.12
2022-04-29,46.3,18.86
2022-04-28,48.4,19.42
2022-04-27,48.46,19.07
2022-04-26,49.41,19.3
2022-04-25,50.28,19.51
2022-04-22,51.91,19.52
2022-04-21,55.01,20.21
2022-04-20,54.41,19.43
2022-04-19,53.75,19.49
2022-04-18,53.39,19.46
2022-04-14,53.83,19.54
2022-04-13,54.14,19.42
2022-04-12,53.67,19.56
2022-04-11,53.9,19.63
2022-04-08,53.53,18.89
2022-04-07,52.67,18.57
2022-04-06,53.2,18.8
2022-04-05,52.78,18.69
2022-04-04,52.46,18.92
2022-04-01,52.12,18.76
2022-03-31,50.94,18.49
2022-03-30,51.61,18.89
2022-03-29,51.25,18.77
2022-03-28,51.17,18.68
2022-03-25,51.28,18.66
2022-03-24,51.0,18.26
2022-03-23,50.97,18.16
2022-03-22,51.0,18.16
2022-03-21,51.1,18.12
2022-03-18,50.8,18.17
2022-03-17,52.36,18.15
2022-03-16,52.49,18.15
2022-03-15,52.76,18.07
2022-03-14,52.5,17.91
2022-03-11,53.04,18.15
2022-03-10,53.23,18.15
2022-03-09,53.08,18.2
2022-03-08,53.25,18.0
2022-03-07,54.68,18.44
2022-03-04,55.11,18.68
2022-03-03,54.66,18.71
2022-03-02,54.14,18.64
2022-03-01,53.61,18.41
2022-02-28,53.67,18.54
2022-02-25,54.12,18.71
2022-02-24,52.59,18.18
2022-02-23,53.41,18.4
2022-02-22,53.9,18.58
2022-02-18,53.83,18.68
2022-02-17,53.58,18.59
2022-02-16,53.4,18.73
2022-02-15,53.36,19.05
2022-02-14,53.27,18.82
2022-02-11,53.32,18.88
2022-02-10,53.04,18.98
2022-02-09,53.5,19.17
2022-02-08,52.82,18.73
2022-02-07,53.0,18.73
2022-02-04,53.31,18.84
2022-02-03,53.79,19.22
2022-02-02,53.8,19.2
2022-02-01,53.2,19.11
2022-01-31,53.23,19.95
2022-01-28,52.9,19.73
2022-01-27,51.19,18.87
2022-01-26,51.02,18.98
2022-01-25,52.9,20.72
2022-01-24,52.96,20.61
2022-01-21,53.16,20.82
2022-01-20,53.4,21.14
2022-01-19,53.5,21.35
2022-01-18,53.43,21.37
2022-01-14,53.28,21.27
2022-01-13,53.52,20.97
2022-01-12,53.45,20.7
2022-01-11,53.59,20.61
2022-01-10,53.87,20.71
2022-01-07,54.24,20.57
2022-01-06,53.76,20.43
2022-01-05,54.02,20.51
2022-01-04,53.47,20.06
2022-01-03,52.44,19.9
2021-12-31,51.96,19.25
2021-12-30,52.25,19.39
2021-12-29,52.36,19.28
2021-12-28,52.72,19.42
2021-12-27,52.68,19.39
2021-12-23,52.68,19.46
2021-12-22,52.77,19.39
2021-12-21,52.78,19.15
2021-12-20,53.09,18.93
2021-12-17,53.17,18.61
2021-12-16,52.75,18.55
2021-12-15,50.55,17.35
2021-12-14,50.65,17.44
2021-12-13,50.28,17.56
2021-12-10,50.19,17.87
2021-12-09,50.16,17.95
2021-12-08,50.49,18.13
2021-12-07,50.79,18.06
2021-12-06,51.07,18.22
2021-12-03,51.42,18.36
2021-12-02,50.73,18.04
2021-12-01,49.77,17.4
2021-11-30,50.27,17.86
2021-11-29,51.66,18.69
2021-11-26,51.8,18.95
2021-11-24,51.66,19.15
2021-11-23,51.75,19.38
2021-11-22,51.54,19.33
2021-11-19,50.86,18.88
2021-11-18,51.24,19.09
2021-11-17,51.73,19.3
2021-11-16,52.06,19.3
2021-11-15,52.4,19.41
2021-11-12,52.34,19.52
2021-11-11,52.45,19.5
2021-11-10,52.6,19.52
2021-11-09,52.24,19.34
2021-11-08,52.33,19.47
2021-11-05,52.24,19.64
2021-11-04,51.85,19.41
2021-11-03,52.94,19.7
2021-11-02,52.57,19.74
2021-11-01,52.95,19.85
2021-10-29,52.99,19.77
2021-10-28,52.8,19.99
2021-10-27,52.63,19.61
2021-10-26,53.08,19.85
2021-10-25,52.58,20.06
2021-10-22,52.93,19.95
2021-10-21,53.39,20.16
2021-10-20,53.61,20.28
2021-10-19,52.35,20.02
2021-10-18,51.91,19.82
2021-10-15,52.27,20.11
2021-10-14,51.92,20.05
2021-10-13,51.35,19.8
2021-10-12,51.33,19.9
2021-10-11,52.18,20.37
2021-10-08,53.24,20.95
2021-10-07,53.9,21.2
2021-10-06,54.53,21.37
2021-10-05,54.51,21.4
2021-10-04,54.5,21.32
2021-10-01,54.3,21.25
2021-09-30,54.01,21.14
2021-09-29,54.38,21.44
2021-09-28,54.16,21.32
2021-09-27,54.47,21.44
2021-09-24,54.37,21.23
2021-09-23,54.42,21.28
2021-09-22,54.06,21.14
2021-09-21,54.03,21.1
2021-09-20,54.26,21.29
2021-09-17,54.28,21.54
2021-09-16,54.43,21.6
2021-09-15,54.57,21.57
2021-09-14,54.41,21.39
2021-09-13,54.62,21.53
2021-09-10,54.23,21.27
2021-09-09,54.44,21.46
2021-09-08,54.91,21.6
2021-09-07,54.82,21.46
2021-09-03,55.43,21.57
2021-09-02,55.29,21.63
2021-09-01,54.94,21.28
2021-08-31,55.0,21.46
2021-08-30,54.77,21.31
2021-08-27,54.77,21.23
2021-08-26,54.6,21.14
2021-08-25,54.93,21.46
2021-08-24,55.01,21.48
2021-08-23,55.42,21.53
2021-08-20,55.52,21.57
2021-08-19,55.37,21.54
2021-08-18,55.47,21.78
2021-08-17,56.18,22.06
2021-08-16,55.98,22.07
2021-08-13,55.87,22.06
2021-08-12,55.64,21.93
2021-08-11,55.57,22.04
2021-08-10,55.48,21.98
2021-08-09,55.12,21.79
2021-08-06,55.22,21.88
2021-08-05,55.3,21.86
2021-08-04,55.37,21.79
2021-08-03,55.73,22.06
2021-08-02,55.76,22.0
2021-07-30,55.78,21.95
2021-07-29,55.98,22.14
2021-07-28,55.72,21.92
2021-07-27,56.2,22.07
2021-07-26,55.78,22.05
2021-07-23,55.88,22.03
2021-07-22,55.95,21.92
2021-07-21,55.95,21.83
2021-07-20,55.58,21.84
2021-07-19,55.84,21.75
2021-07-16,56.46,22.18
2021-07-15,56.55,22.25
2021-07-14,56.32,22.11
2021-07-13,56.09,22.12
2021-07-12,56.15,22.29
2021-07-09,56.07,22.26
2021-07-08,55.68,22.05
2021-07-07,56.53,22.64
2021-07-06,56.41,22.71
2021-07-02,56.44,22.87
2021-07-01,56.29,22.78
2021-06-30,56.03,22.52
2021-06-29,55.84,22.43
2021-06-28,56.18,22.52
2021-06-25,56.38,22.61
2021-06-24,56.37,22.53
2021-06-23,56.07,22.42
2021-06-22,56.37,22.52
2021-06-21,56.39,22.64
2021-06-18,55.82,22.42
2021-06-17,56.53,22.49
2021-06-16,56.64,22.74
2021-06-15,57.29,22.91
2021-06-14,57.18,22.76
2021-06-11,57.33,22.94
2021-06-10,57.34,22.83
2021-06-09,57.05,22.7
2021-06-08,57.15,22.68
2021-06-07,57.2,22.76
2021-06-04,57.3,22.9
2021-06-03,56.98,22.87
2021-06-02,56.65,23.17
2021-06-01,56.38,22.94
2021-05-28,56.49,23.03
2021-05-27,56.29,23.25
2021-05-26,56.36,23.12
2021-05-25,56.48,23.1
2021-05-24,56.98,23.28
2021-05-21,56.91,23.48
2021-05-20,56.79,23.19
2021-05-19,56.92,22.66
2021-05-18,57.18,23.12
2021-05-17,57.94,24.55
2021-05-14,58.69,25.23
2021-05-13,58.81,25.2
2021-05-12,58.41,25.02
2021-05-11,58.54,25.24
2021-05-10,59.52,25.53
2021-05-07,58.72,25.17
2021-05-06,59.29,25.36
2021-05-05,58.69,25.06
2021-05-04,58.6,25.06
2021-05-03,57.92,24.65
2021-04-30,57.79,24.58
2021-04-29,57.32,24.52
2021-04-28,56.43,24.23
2021-04-27,56.32,24.08
2021-04-26,56.94,24.19
2021-04-23,57.3,24.57
2021-04-22,57.28,24.54
2021-04-21,58.14,23.56
2021-04-20,58.39,23.39
2021-04-19,58.39,23.47
2021-04-16,58.28,23.44
2021-04-15,57.7,23.28
2021-04-14,57.7,23.26
2021-04-13,57.62,23.19
2021-04-12,57.54,23.44
2021-04-09,57.49,23.51
2021-04-08,57.6,23.48
2021-04-07,59.0,24.2
2021-04-06,59.11,24.24
2021-04-05,58.87,24.03
2021-04-01,58.3,23.84
2021-03-31,58.15,23.69
2021-03-30,58.59,24.05
2021-03-29,58.83,23.91
2021-03-26,58.18,23.72
2021-03-25,57.38,23.54
2021-03-24,57.01,23.47
2021-03-23,56.91,23.48
2021-03-22,56.59,23.47
2021-03-19,56.24,23.29
2021-03-18,56.31,23.48
2021-03-17,55.75,23.59
2021-03-16,55.64,23.47
2021-03-15,55.64,23.42
2021-03-12,55.63,23.33
2021-03-11,55.51,23.12
2021-03-10,57.08,23.47
2021-03-09,56.2,23.19
2021-03-08,56.79,23.47
2021-03-05,56.0,23.18
2021-03-04,54.8,22.63
2021-03-03,55.38,22.47
2021-03-02,54.98,22.08
2021-03-01,55.36,21.98
2021-02-26,55.3,21.82
2021-02-25,56.5,22.4
2021-02-24,57.12,22.99
2021-02-23,57.03,22.83
2021-02-22,56.45,22.94
2021-02-19,56.45,22.69
2021-02-18,56.98,22.87
2021-02-17,56.99,23.14
2021-02-16,54.15,22.67
2021-02-12,54.2,22.54
2021-02-11,54.6,22.45
2021-02-10,54.96,22.34
2021-02-09,55.0,22.4
2021-02-08,55.05,22.51
2021-02-05,55.32,22.64
2021-02-04,55.14,22.61
2021-02-03,54.79,22.31
2021-02-02,54.5,22.33
2021-02-01,54.28,22.42
2021-01-29,54.75,22.4
2021-01-28,55.37,22.54
2021-01-27,55.13,22.8
2021-01-26,56.57,23.28
2021-01-25,58.42,22.78
2021-01-22,57.47,22.64
2021-01-21,57.27,22.56
2021-01-20,57.26,22.66
2021-01-19,57.05,22.65
2021-01-15,57.38,22.83
2021-01-14,57.04,22.92
2021-01-13,57.06,22.39
2021-01-12,57.26,22.5
2021-01-11,57.46,22.59
2021-01-08,57.8,22.71
2021-01-07,58.53,23.41
2021-01-06,59.29,23.34
2021-01-05,58.58,22.9
2021-01-04,58.85,23.04
2020-12-31,58.75,22.51
2020-12-30,58.14,22.29
2020-12-29,58.81,22.33
2020-12-28,58.98,22.34
2020-12-24,58.84,22.45
2020-12-23,58.96,22.5
2020-12-22,58.99,22.22
2020-12-21,59.49,22.7
2020-12-18,60.46,23.01
2020-12-17,60.01,23.18
2020-12-16,59.91,23.7
2020-12-15,60.55,23.93
2020-12-14,59.98,23.91
2020-12-11,60.35,24.27
2020-12-10,60.51,24.02
2020-12-09,61.46,24.62
2020-12-08,61.45,24.11
2020-12-07,61.35,23.19
2020-12-04,61.55,23.12
2020-12-03,61.74,22.87
2020-12-02,61.36,22.76
2020-12-01,60.58,22.59
2020-11-30,60.41,22.5
2020-11-27,60.58,22.72
2020-11-25,60.41,22.69
2020-11-24,60.64,22.87
2020-11-23,60.23,22.4
2020-11-20,60.04,22.16
2020-11-19,60.21,22.13
2020-11-18,60.32,22.4
2020-11-17,60.75,22.72
2020-11-16,60.89,22.67
2020-11-13,61.06,22.62
2020-11-12,60.79,22.25
2020-11-11,61.0,22.48
2020-11-10,61.1,22.58
2020-11-09,59.84,22.15
2020-11-06,58.53,21.47
2020-11-05,58.15,21.53
2020-11-04,57.22,21.16
2020-11-03,57.75,21.49
2020-11-02,57.7,21.39
2020-10-30,56.99,21.14
2020-10-29,56.76,20.94
2020-10-28,56.31,20.74
2020-10-27,57.38,21.07
2020-10-26,57.81,21.43
2020-10-23,57.96,21.77
2020-10-22,57.33,22.13
2020-10-21,56.75,20.91
2020-10-20,57.25,20.94
2020-10-19,57.3,21.03
2020-10-16,58.05,21.39
2020-10-15,58.16,21.48
2020-10-14,58.43,21.51
2020-10-13,59.36,21.71
2020-10-12,59.55,22.01
2020-10-09,59.33,22.16
2020-10-08,59.19,22.39
2020-10-07,59.61,22.54
2020-10-06,59.46,22.47
2020-10-05,59.66,22.43
2020-10-02,59.24,22.44
2020-10-01,59.45,22.29
2020-09-30,59.49,22.31
2020-09-29,59.24,22.15
2020-09-28,59.36,22.21
2020-09-25,59.39,21.94
2020-09-24,59.19,21.94
2020-09-23,58.91,21.81
2020-09-22,59.82,22.31
2020-09-21,59.61,22.4
2020-09-18,60.35,22.64
2020-09-17,60.59,22.75
2020-09-16,60.37,22.88
2020-09-15,60.6,22.79
2020-09-14,60.32,22.8
2020-09-11,59.79,22.69
2020-09-10,59.53,22.62
2020-09-09,60.04,22.98
2020-09-08,59.96,23.09
2020-09-04,60.48,23.02
2020-09-03,60.61,23.15
2020-09-02,60.53,23.24
2020-09-01,59.16,23.06
2020-08-31,59.27,23.33
2020-08-28,59.26,23.51
2020-08-27,59.43,23.4
2020-08-26,59.46,23.47
2020-08-25,59.42,23.4
2020-08-24,59.57,23.5
2020-08-21,58.99,23.23
2020-08-20,58.96,23.22
2020-08-19,59.05,23.26
2020-08-18,59.18,23.31
2020-08-17,58.78,23.36
2020-08-14,58.79,23.48
2020-08-13,58.52,23.41
2020-08-12,58.6,23.62
2020-08-11,58.51,23.63
2020-08-10,58.99,23.63
2020-08-07,58.53,23.49
2020-08-06,57.83,23.35
2020-08-05,57.54,23.36
2020-08-04,57.91,23.48
2020-08-03,57.24,23.18
2020-07-31,57.48,23.15
2020-07-30,57.3,23.14
2020-07-29,57.45,23.13
2020-07-28,57.48,23.23
2020-07-27,56.87,22.92
2020-07-24,56.85,23.14
2020-07-23,55.85,23.4
2020-07-22,55.75,23.6
2020-07-21,55.84,23.67
2020-07-20,55.87,23.36
2020-07-17,56.3,23.67
2020-07-16,55.78,23.78
2020-07-15,55.06,23.48
2020-07-14,55.44,23.44
2020-07-13,54.45,23.29
2020-07-10,54.49,23.58
2020-07-09,53.94,23.12
2020-07-08,55.38,23.84
2020-07-07,55.04,23.73
2020-07-06,55.24,23.86
2020-07-02,54.79,23.54
2020-07-01,54.67,23.4
2020-06-30,55.13,23.66
2020-06-29,54.69,23.41
2020-06-26,53.16,22.76
2020-06-25,54.28,23.26
2020-06-24,53.93,23.02
2020-06-23,54.94,23.67
2020-06-22,55.66,23.56
2020-06-19,56.16,23.72
2020-06-18,56.89,23.75
2020-06-17,56.65,23.68
2020-06-16,56.92,24.09
2020-06-15,56.15,23.87
2020-06-12,56.53,23.87
2020-06-11,56.45,23.61
2020-06-10,58.05,25.15
2020-06-09,57.86,25.53
2020-06-08,58.09,26.0
2020-06-05,57.74,25.64
2020-06-04,57.22,24.88
2020-06-03,56.83,24.66
2020-06-02,56.4,24.25
2020-06-01,55.78,24.2
2020-05-29,57.38,24.15
2020-05-28,55.72,24.31
2020-05-27,55.14,24.92
2020-05-26,54.3,24.12
2020-05-22,54.1,23.38
2020-05-21,53.97,23.3
2020-05-20,54.26,23.15
2020-05-19,54.38,22.66
2020-05-18,55.72,23.05
2020-05-15,54.71,22.15
2020-05-14,54.91,22.36
2020-05-13,54.85,21.98
2020-05-12,55.46,22.61
2020-05-11,56.4,22.99
2020-05-08,57.0,23.31
2020-05-07,55.58,22.61
2020-05-06,55.64,22.53
2020-05-05,56.51,23.27
2020-05-04,56.24,23.16
2020-05-01,56.83,23.4
2020-04-30,57.45,23.84
2020-04-29,58.12,24.59
2020-04-28,57.83,23.98
2020-04-27,57.81,23.9
2020-04-24,57.93,23.25
2020-04-23,57.59,23.08
2020-04-22,57.99,23.06
2020-04-21,56.82,23.37
2020-04-20,58.13,24.24
2020-04-17,58.46,24.44
2020-04-16,57.66,23.6
2020-04-15,56.93,23.55
2020-04-14,58.14,24.36
2020-04-13,56.67,23.62
2020-04-09,57.44,24.05
2020-04-08,57.8,23.39
2020-04-07,56.98,23.54
2020-04-06,56.7,23.04
2020-04-03,54.7,21.49
2020-04-02,55.25,22.51
2020-04-01,52.92,21.95
2020-03-31,53.73,22.81
2020-03-30,54.77,23.66
2020-03-27,52.77,23.35
2020-03-26,53.54,23.95
2020-03-25,49.94,22.22
2020-03-24,49.99,21.98
2020-03-23,50.31,20.95
2020-03-20,51.8,22.26
2020-03-19,53.62,24.38
2020-03-18,54.32,25.71
2020-03-17,54.31,26.4
2020-03-16,50.99,24.89
2020-03-13,54.17,26.97
2020-03-12,51.2,24.52
2020-03-11,54.83,27.01
2020-03-10,56.52,28.05
2020-03-09,55.83,27.15
2020-03-06,56.87,28.98
2020-03-05,57.16,29.09
2020-03-04,58.12,29.88
2020-03-03,55.7,28.41
2020-03-02,57.32,29.09
2020-02-28,54.16,27.56
2020-02-27,55.06,27.96
2020-02-26,57.14,29.03
2020-02-25,57.12,29.23
2020-02-24,57.99,29.77
2020-02-21,58.2,30.17
2020-02-20,58.09,30.21
2020-02-19,58.22,30.08
2020-02-18,57.91,29.94
2020-02-14,58.51,29.93
2020-02-13,58.65,29.98
2020-02-12,58.23,29.77
2020-02-11,58.69,29.87
2020-02-10,60.24,30.0
2020-02-07,59.94,30.09
2020-02-06,59.44,30.08
2020-02-05,59.13,29.59
2020-02-04,58.29,29.45
2020-02-03,58.05,28.92
2020-01-31,59.44,29.44
2020-01-30,59.36,29.29
2020-01-29,59.53,28.99
2020-01-28,60.7,30.19
2020-01-27,59.91,29.93
2020-01-24,60.28,30.13
2020-01-23,60.51,30.23
2020-01-22,60.48,30.55
2020-01-21,60.32,30.14
2020-01-17,60.13,30.03
2020-01-16,59.67,29.76
2020-01-15,59.1,29.63
2020-01-14,59.04,29.81
2020-01-13,59.15,29.81
2020-01-10,58.99,30.18
2020-01-09,58.85,30.36
2020-01-08,59.71,30.81
2020-01-07,59.6,30.71
2020-01-06,60.27,30.6
2020-01-03,60.4,30.57
2020-01-02,61.05,30.41
2019-12-31,61.4,30.58
2019-12-30,61.21,30.55
2019-12-27,61.53,30.71
2019-12-26,61.29,30.64
2019-12-24,61.28,30.49
2019-12-23,61.4,30.57
2019-12-20,62.07,30.64
2019-12-19,60.8,30.46
2019-12-18,60.86,30.31
2019-12-17,61.49,30.13
2019-12-16,61.23,30.2
2019-12-13,60.81,29.94
2019-12-12,61.17,30.01
2019-12-11,61.08,29.87
2019-12-10,61.23,29.78
2019-12-09,61.01,29.77
2019-12-06,61.19,29.89
2019-12-05,60.82,29.88
2019-12-04,60.53,29.81
2019-12-03,60.14,29.38
2019-12-02,59.96,29.2
2019-11-29,60.24,29.25
2019-11-27,60.1,29.47
2019-11-26,59.89,29.27
2019-11-25,59.38,29.16
2019-11-22,59.75,29.54
2019-11-21,59.61,29.42
2019-11-20,59.48,29.09
2019-11-19,59.5,29.74
2019-11-18,59.44,31.01
2019-11-15,59.51,30.91
2019-11-14,59.34,30.48
2019-11-13,59.41,30.64
2019-11-12,59.32,30.65
2019-11-11,59.61,30.81
2019-11-08,59.35,30.82
2019-11-07,60.53,30.85
2019-11-06,60.13,30.71
2019-11-05,59.5,30.65
2019-11-04,59.87,30.43
2019-11-01,60.37,30.48
2019-10-31,60.47,30.12
2019-10-30,60.82,29.89
2019-10-29,60.19,29.78
2019-10-28,60.18,30.12
2019-10-25,60.37,28.88
2019-10-24,60.58,28.81
2019-10-23,60.88,29.53
2019-10-22,60.77,29.87
2019-10-21,60.75,29.92
2019-10-18,61.05,30.1
2019-10-17,60.41,29.59
2019-10-16,60.29,29.57
2019-10-15,60.55,29.66
2019-10-14,59.6,29.32
2019-10-11,59.93,29.41
2019-10-10,59.83,29.28
2019-10-09,59.22,28.99
2019-10-08,59.72,29.33
2019-10-07,60.25,29.47
2019-10-04,59.9,29.35
2019-10-03,59.01,29.1
2019-10-02,58.91,29.02
2019-10-01,59.85,29.27
2019-09-30,60.36,29.61
2019-09-27,60.3,29.29
2019-09-26,60.44,29.25
2019-09-25,60.27,29.25
2019-09-24,60.51,29.25
2019-09-23,60.21,29.42
2019-09-20,60.29,29.67
2019-09-19,59.98,29.07
2019-09-18,59.93,28.77
2019-09-17,59.87,29.08
2019-09-16,59.5,29.2
2019-09-13,59.96,29.67
2019-09-12,60.43,30.03
2019-09-11,60.13,30.31
2019-09-10,59.71,29.41
2019-09-09,58.66,28.79
2019-09-06,59.06,28.37
2019-09-05,58.59,28.08
2019-09-04,58.18,27.95
2019-09-03,58.04,27.69
2019-08-30,58.16,27.59
2019-08-29,57.94,27.51
2019-08-28,57.95,27.36
2019-08-27,57.18,27.17
2019-08-26,56.71,27.33
2019-08-23,55.92,27.25
2019-08-22,56.78,27.69
2019-08-21,56.59,27.51
2019-08-20,56.27,27.37
2019-08-19,57.0,27.69
2019-08-16,56.65,27.36
2019-08-15,56.3,26.87
2019-08-14,55.72,26.68
2019-08-13,56.37,27.28
2019-08-12,55.69,26.98
2019-08-09,55.78,27.03
2019-08-08,55.82,27.03
2019-08-07,55.09,26.65
2019-08-06,55.05,26.57
2019-08-05,55.22,26.21
2019-08-02,55.59,26.74
2019-08-01,55.26,26.7
2019-07-31,55.27,26.64
2019-07-30,56.63,26.75
2019-07-29,57.37,26.87
2019-07-26,57.08,26.72
2019-07-25,56.36,26.46
2019-07-24,55.97,26.01
2019-07-23,55.48,25.11
2019-07-22,55.5,25.14
2019-07-19,56.59,25.66
2019-07-18,57.21,25.89
2019-07-17,57.22,26.03
2019-07-16,57.41,26.28
2019-07-15,57.58,26.38
2019-07-12,57.19,26.33
2019-07-11,56.92,26.18
2019-07-10,57.0,26.42
2019-07-09,56.41,26.25
2019-07-08,57.89,26.8
2019-07-05,58.31,26.84
2019-07-03,58.13,26.59
2019-07-02,58.13,26.48
2019-07-01,56.66,26.16
2019-06-28,57.13,26.22
2019-06-27,57.25,25.81
2019-06-26,56.99,25.46
2019-06-25,58.0,25.47
2019-06-24,58.27,25.49
2019-06-21,57.77,25.39
2019-06-20,57.34,25.46
2019-06-19,57.63,25.36
2019-06-18,57.33,25.38
2019-06-17,57.63,25.28
2019-06-14,58.28,25.31
2019-06-13,57.62,25.27
2019-06-12,57.36,25.18
2019-06-11,56.83,25.13
2019-06-10,56.15,24.99
2019-06-07,57.24,25.42
2019-06-06,57.54,25.12
2019-06-05,57.03,24.79
2019-06-04,56.22,24.63
2019-06-03,56.38,24.33
2019-05-31,54.35,23.93
2019-05-30,56.83,24.93
2019-05-29,58.18,24.97
2019-05-28,58.73,24.99
2019-05-24,59.32,25.25
2019-05-23,58.87,25.15
2019-05-22,59.25,25.26
2019-05-21,59.5,25.36
2019-05-20,59.01,25.19
2019-05-17,58.09,24.88
2019-05-16,57.38,24.74
2019-05-15,56.81,24.45
2019-05-14,56.55,24.33
2019-05-13,56.75,23.84
2019-05-10,56.91,23.96
2019-05-09,56.48,23.77
2019-05-08,56.38,23.71
2019-05-07,56.63,23.89
2019-05-06,56.91,23.94
2019-05-03,57.24,24.02
2019-05-02,56.99,23.96
2019-05-01,56.52,24.09
2019-04-30,57.19,24.23
2019-04-29,56.84,24.16
2019-04-26,56.58,24.01
2019-04-25,55.85,23.74
2019-04-24,57.08,24.09
2019-04-23,57.15,25.12
2019-04-22,58.37,25.1
2019-04-18,58.04,25.06
2019-04-17,57.78,25.0
2019-04-16,58.79,25.24
2019-04-15,58.71,25.06
2019-04-12,58.74,25.2
2019-04-11,58.56,25.2
2019-04-10,58.61,24.95
2019-04-09,58.4,24.85
2019-04-08,59.13,25.35
2019-04-05,59.09,25.31
2019-04-04,58.99,25.02
2019-04-03,58.87,24.94
2019-04-02,58.53,24.75
2019-04-01,59.09,25.0
2019-03-29,59.13,24.54
2019-03-28,59.08,24.27
2019-03-27,60.88,24.57
2019-03-26,60.63,24.56
2019-03-25,60.08,24.08
2019-03-22,59.76,24.31
2019-03-21,58.29,24.31
2019-03-20,57.67,23.87
2019-03-19,57.5,24.01
2019-03-18,58.07,24.1
2019-03-15,58.39,24.0
2019-03-14,57.95,23.69
2019-03-13,57.66,23.69
2019-03-12,57.43,23.97
2019-03-11,57.58,23.65
2019-03-08,56.53,23.44
2019-03-07,56.3,23.41
2019-03-06,55.68,23.33
2019-03-05,56.08,23.44
2019-03-04,56.24,23.46
2019-03-01,56.96,24.12
2019-02-28,56.92,24.35
2019-02-27,56.72,24.31
2019-02-26,56.64,24.43
2019-02-25,56.78,24.36
2019-02-22,56.92,24.38
2019-02-21,56.15,24.13
2019-02-20,55.76,24.14
2019-02-19,55.44,23.97
2019-02-15,55.16,23.84
2019-02-14,54.03,23.31
2019-02-13,54.48,23.35
2019-02-12,54.42,23.33
2019-02-11,54.05,23.25
2019-02-08,53.95,23.12
2019-02-07,53.57,23.05
2019-02-06,53.79,23.13
2019-02-05,54.14,23.19
2019-02-04,54.04,23.17
2019-02-01,54.55,23.48
2019-01-31,55.06,23.52
2019-01-30,54.0,22.98
2019-01-29,53.28,24.02
2019-01-28,55.07,24.0
2019-01-25,56.4,23.99
2019-01-24,57.07,23.95
2019-01-23,57.76,24.17
2019-01-22,56.99,23.93
2019-01-18,57.09,24.23
2019-01-17,56.83,23.98
2019-01-16,57.08,23.91
2019-01-15,58.1,23.95
2019-01-14,58.03,23.96
2019-01-11,58.02,24.16
2019-01-10,57.6,23.79
2019-01-09,57.05,23.55
2019-01-08,58.38,24.48
2019-01-07,56.72,24.17
2019-01-04,56.36,23.74
2019-01-03,56.22,23.15
2019-01-02,56.02,23.12
2018-12-31,56.22,22.33
2018-12-28,55.27,22.27
2018-12-27,55.15,22.03
2018-12-26,54.44,21.97
2018-12-24,53.05,21.41
2018-12-21,54.92,22.15
2018-12-20,55.07,22.42
2018-12-19,55.86,23.33
2018-12-18,55.65,23.28
2018-12-17,55.95,23.37
2018-12-14,57.08,23.65
2018-12-13,57.09,23.41
2018-12-12,57.25,23.6
2018-12-11,58.85,23.24
2018-12-10,58.27,23.41
2018-12-07,57.68,23.59
2018-12-06,58.08,23.89
2018-12-04,58.09,24.05
2018-12-03,58.16,24.81
2018-11-30,60.3,24.45
2018-11-29,59.45,23.92
2018-11-28,60.06,24.05
2018-11-27,60.65,23.82
2018-11-26,59.17,23.44
2018-11-23,58.64,22.97
2018-11-21,59.16,23.3
2018-11-20,59.46,23.02
2018-11-19,60.62,23.75
2018-11-16,60.21,23.7
2018-11-15,59.08,23.57
2018-11-14,58.94,23.87
2018-11-13,58.66,23.73
2018-11-12,58.72,24.09
2018-11-09,58.46,24.02
2018-11-08,58.27,24.29
2018-11-07,57.65,24.34
2018-11-06,57.21,24.23
2018-11-05,57.21,23.97
2018-11-02,56.63,23.88
2018-11-01,56.05,23.86
2018-10-31,57.09,24.01
2018-10-30,58.18,23.84
2018-10-29,56.48,23.19
2018-10-26,55.51,22.76
2018-10-25,56.43,23.46
2018-10-24,57.42,23.76
2018-10-23,57.21,25.84
2018-10-22,54.98,25.56
2018-10-19,54.9,25.72
2018-10-18,54.65,25.43
2018-10-17,53.96,25.49
2018-10-16,53.7,25.35
2018-10-15,53.6,25.32
2018-10-12,53.73,25.24
2018-10-11,53.33,24.85
2018-10-10,54.33,25.71
2018-10-09,54.99,26.21
2018-10-08,55.02,26.69
2018-10-05,54.94,26.6
2018-10-04,55.02,26.7
2018-10-03,54.29,26.54
2018-10-02,54.42,26.54
2018-10-01,53.84,26.21
2018-09-28,53.39,26.28
2018-09-27,53.59,26.15
2018-09-26,53.14,26.1
2018-09-25,53.05,26.42
2018-09-24,53.54,26.54
2018-09-21,54.42,26.43
2018-09-20,53.95,26.17
2018-09-19,53.5,26.11
2018-09-18,54.39,26.39
2018-09-17,54.7,26.31
2018-09-14,54.55,26.29
2018-09-13,54.94,26.36
2018-09-12,54.97,26.15
2018-09-11,54.72,25.56
2018-09-10,54.12,25.35
2018-09-07,54.0,25.13
2018-09-06,54.29,25.18
2018-09-05,53.82,25.06
2018-09-04,53.19,24.93
2018-08-31,54.37,24.99
2018-08-30,54.75,25.01
2018-08-29,54.57,25.22
2018-08-28,54.65,25.56
2018-08-27,54.85,25.69
2018-08-24,54.78,25.54
2018-08-23,54.28,25.42
2018-08-22,54.14,25.57
2018-08-21,54.91,26.14
2018-08-20,54.65,25.91
2018-08-17,54.79,25.85
2018-08-16,54.27,25.89
2018-08-15,53.24,25.41
2018-08-14,52.87,25.23
2018-08-13,52.22,25.2
2018-08-10,52.47,25.24
2018-08-09,53.01,25.42
2018-08-08,52.7,25.32
2018-08-07,52.46,25.35
2018-08-06,52.48,25.13
2018-08-03,52.27,25.25
2018-08-02,51.98,24.92
2018-08-01,51.73,24.96
2018-07-31,51.64,25.02
2018-07-30,52.49,25.04
2018-07-27,52.01,24.32
2018-07-26,51.18,23.75
2018-07-25,50.91,23.67
2018-07-24,51.51,24.79
2018-07-23,50.75,24.26
2018-07-20,50.62,24.34
2018-07-19,50.75,24.47
2018-07-18,51.14,24.81
2018-07-17,51.43,24.85
2018-07-16,51.59,24.96
2018-07-13,51.41,24.78
2018-07-12,51.24,25.22
2018-07-11,51.34,24.94
2018-07-10,51.34,25.43
2018-07-09,50.74,25.16
2018-07-06,51.48,25.57
2018-07-05,51.28,25.51
2018-07-03,50.7,25.6
2018-07-02,50.42,25.2
2018-06-29,50.31,25.13
2018-06-28,50.86,25.19
2018-06-27,49.31,24.77
2018-06-26,49.3,24.74
2018-06-25,49.6,24.81
2018-06-22,49.76,24.8
2018-06-21,48.63,24.73
2018-06-20,48.09,25.04
2018-06-19,48.5,25.35
2018-06-18,47.46,25.19
2018-06-15,48.06,25.94
2018-06-14,47.82,25.45
2018-06-13,47.4,25.21
2018-06-12,48.81,26.88
2018-06-11,49.3,26.75
2018-06-08,49.18,26.47
2018-06-07,49.01,26.46
2018-06-06,48.41,26.12
2018-06-05,47.97,25.57
2018-06-04,47.82,25.36
2018-06-01,47.81,25.41
2018-05-31,47.67,25.29
2018-05-30,48.6,25.49
2018-05-29,48.2,25.3
2018-05-25,48.52,25.44
2018-05-24,48.64,25.65
2018-05-23,48.59,25.3
2018-05-22,48.81,25.38
2018-05-21,48.43,25.5
2018-05-18,47.74,25.08
2018-05-17,47.85,24.99
2018-05-16,47.86,25.28
2018-05-15,47.79,25.11
2018-05-14,48.49,25.19
2018-05-11,48.62,25.27
2018-05-10,47.2,24.95
2018-05-09,46.38,24.57
2018-05-08,47.02,24.81
2018-05-07,47.73,25.07
2018-05-04,48.19,25.15
2018-05-03,47.84,24.99
2018-05-02,47.75,25.09
2018-05-01,48.82,25.46
2018-04-30,49.35,25.59
2018-04-27,51.57,25.85
2018-04-26,49.76,25.9
2018-04-25,50.1,27.54
2018-04-24,49.67,27.39
2018-04-23,48.66,27.3
2018-04-20,47.9,27.13
2018-04-19,48.43,27.25
2018-04-18,48.62,27.55
2018-04-17,48.85,27.67
2018-04-16,48.39,27.89
2018-04-13,47.66,27.5
2018-04-12,47.74,27.51
2018-04-11,47.58,27.58
2018-04-10,48.27,28.02
2018-04-09,46.92,27.52
2018-04-06,47.48,27.88
2018-04-05,48.24,28.28
2018-04-04,47.93,28.08
2018-04-03,47.5,27.68
2018-04-02,47.16,27.47
2018-03-29,47.82,27.9
2018-03-28,48.0,27.83
2018-03-27,47.31,27.31
2018-03-26,47.07,27.15
2018-03-23,46.29,27.15
2018-03-22,46.88,27.68
2018-03-21,47.28,28.17
2018-03-20,47.69,28.44
2018-03-19,48.31,28.62
2018-03-16,48.56,28.95
2018-03-15,48.29,28.98
2018-03-14,48.45,28.98
2018-03-13,48.65,29.26
2018-03-12,48.8,29.23
2018-03-09,49.01,28.99
2018-03-08,49.01,29.04
2018-03-07,48.84,28.88
2018-03-06,48.89,28.85
2018-03-05,48.71,28.72
2018-03-02,48.26,28.44
2018-03-01,47.96,28.17
2018-02-28,47.74,28.41
2018-02-27,48.04,28.85
2018-02-26,49.09,29.31
2018-02-23,48.29,28.73
2018-02-22,47.87,28.54
2018-02-21,47.96,28.41
2018-02-20,48.92,28.77
2018-02-16,50.15,29.06
2018-02-15,49.74,28.95
2018-02-14,49.51,28.49
2018-02-13,50.08,28.64
2018-02-12,50.11,28.46
2018-02-09,49.88,28.21
2018-02-08,49.04,27.83
2018-02-07,51.01,28.9
2018-02-06,50.83,28.82
2018-02-05,50.5,28.66
2018-02-02,52.98,29.79
2018-02-01,54.3,30.64
2018-01-31,54.07,29.31
2018-01-30,53.9,29.3
2018-01-29,54.13,29.16
2018-01-26,54.72,29.59
2018-01-25,54.29,29.31
2018-01-24,54.22,28.97
2018-01-23,53.23,29.1
2018-01-22,53.46,29.63
2018-01-19,51.91,29.12
2018-01-18,51.55,29.07
2018-01-17,51.72,28.84
2018-01-16,51.66,28.73
2018-01-12,51.86,28.87
2018-01-11,52.11,28.55
2018-01-10,51.69,28.66
2018-01-09,51.61,29.34
2018-01-08,52.39,29.93
2018-01-05,52.48,29.85
2018-01-04,52.6,29.74
2018-01-03,52.43,29.46
2018-01-02,53.53,30.16
2017-12-29,52.93,30.42
2017-12-28,53.43,30.66
2017-12-27,53.28,30.43
2017-12-26,53.22,30.57
2017-12-22,53.19,30.47
2017-12-21,53.01,30.42
2017-12-20,52.77,30.17
2017-12-19,52.83,29.77
2017-12-18,53.25,30.1
2017-12-15,52.67,29.92
2017-12-14,52.34,29.53
2017-12-13,52.89,29.77
2017-12-12,53.19,29.81
2017-12-11,51.84,28.87
2017-12-08,51.09,28.74
2017-12-07,50.42,28.3
2017-12-06,50.68,28.26
2017-12-05,50.92,28.6
2017-12-04,51.72,29.16
2017-12-01,51.25,28.56
2017-11-30,50.89,28.47
2017-11-29,49.9,28.55
2017-11-28,48.82,27.72
2017-11-27,47.66,27.14
2017-11-24,47.01,27.24
2017-11-22,47.1,27.29
2017-11-21,46.18,26.86
2017-11-20,46.2,27.11
2017-11-17,45.42,27.0
2017-11-16,44.77,27.01
2017-11-15,44.11,26.46
2017-11-14,44.22,26.39
2017-11-13,44.75,26.74
2017-11-10,44.88,26.78
2017-11-09,45.07,26.61
2017-11-08,45.46,26.17
2017-11-07,45.57,25.88
2017-11-06,45.53,25.71
2017-11-03,47.42,26.06
2017-11-02,47.46,25.96
2017-11-01,47.83,26.25
2017-10-31,47.87,26.33
2017-10-30,47.83,26.25
2017-10-27,48.87,26.58
2017-10-26,48.89,26.36
2017-10-25,48.64,26.21
2017-10-24,48.94,27.28
2017-10-23,48.99,27.58
2017-10-20,49.53,27.81
2017-10-19,49.21,27.93
2017-10-18,48.65,27.94
2017-10-17,48.4,28.35
2017-10-16,48.09,28.3
2017-10-13,47.86,27.94
2017-10-12,48.35,28.06
2017-10-11,48.86,29.88
2017-10-10,49.14,30.13
2017-10-09,49.05,29.97
2017-10-06,48.81,30.2
2017-10-05,49.77,30.92
2017-10-04,49.9,30.91
2017-10-03,49.85,30.89
2017-10-02,49.36,30.6
2017-09-29,49.49,30.65
2017-09-28,49.41,30.55
2017-09-27,49.51,30.34
2017-09-26,49.51,30.3
2017-09-25,49.9,30.61
2017-09-22,49.9,30.2
2017-09-21,48.94,29.91
2017-09-20,49.48,30.07
2017-09-19,49.34,29.9
2017-09-18,48.09,29.28
2017-09-15,47.86,29.03
2017-09-14,47.18,28.42
2017-09-13,47.25,28.6
2017-09-12,46.79,28.37
2017-09-11,46.3,27.97
2017-09-08,46.11,27.85
2017-09-07,46.2,27.86
2017-09-06,46.91,28.62
2017-09-05,47.36,29.02
2017-09-01,47.92,29.33
2017-08-31,47.97,29.31
2017-08-30,48.12,29.48
2017-08-29,48.51,29.62
2017-08-28,48.61,29.69
2017-08-25,48.68,29.73
2017-08-24,48.31,29.49
2017-08-23,48.28,29.67
2017-08-22,48.35,29.72
2017-08-21,48.14,29.41
2017-08-18,47.69,29.24
2017-08-17,47.89,29.42
2017-08-16,48.41,29.92
2017-08-15,48.48,29.86
2017-08-14,48.78,30.13
2017-08-11,48.06,29.81
2017-08-10,48.02,29.88
2017-08-09,48.22,30.02
2017-08-08,48.6,30.02
2017-08-07,48.86,30.14
2017-08-04,48.91,30.07
2017-08-03,48.61,29.95
2017-08-02,48.21,29.95
2017-08-01,48.89,30.42
2017-07-31,48.4,30.52
2017-07-28,47.94,30.52
2017-07-27,47.81,30.84
2017-07-26,44.4,29.76
2017-07-25,43.98,28.34
2017-07-24,43.71,28.35
2017-07-21,44.23,28.57
2017-07-20,44.22,28.58
2017-07-19,43.45,28.27
2017-07-18,43.36,28.16
2017-07-17,43.66,28.48
2017-07-14,43.56,28.41
2017-07-13,43.49,28.34
2017-07-12,43.22,28.82
2017-07-11,42.89,28.64
2017-07-10,43.2,28.82
2017-07-07,43.48,28.94
2017-07-06,43.52,29.09
2017-07-05,44.65,29.83
2017-07-03,45.0,29.82
2017-06-30,44.66,29.52
2017-06-29,44.41,29.44
2017-06-28,44.84,29.69
2017-06-27,44.84,29.5
2017-06-26,45.75,29.85
2017-06-23,45.39,29.7
2017-06-22,45.42,29.81
2017-06-21,45.41,29.85
2017-06-20,45.94,30.25
2017-06-19,46.57,30.45
2017-06-16,46.63,30.49
2017-06-15,46.64,30.39
2017-06-14,46.69,30.3
2017-06-13,46.46,30.27
2017-06-12,47.19,30.57
2017-06-09,46.72,30.35
2017-06-08,46.19,30.13
2017-06-07,46.5,30.33
2017-06-06,46.44,30.31
2017-06-05,46.37,30.37
2017-06-02,46.44,30.42
2017-06-01,46.51,30.42
2017-05-31,46.64,30.15
2017-05-30,46.2,30.17
2017-05-26,45.32,29.83
2017-05-25,45.31,29.92
2017-05-24,45.04,29.85
2017-05-23,45.48,29.98
2017-05-22,45.48,29.93
2017-05-19,45.42,29.92
2017-05-18,45.04,29.7
2017-05-17,44.48,29.31
2017-05-16,45.31,29.88
2017-05-15,45.38,30.2
2017-05-12,45.84,30.12
2017-05-11,46.02,30.08
2017-05-10,46.38,30.09
2017-05-09,46.42,29.91
2017-05-08,46.63,30.18
2017-05-05,46.69,30.17
2017-05-04,45.88,29.74
2017-05-03,46.15,30.05
2017-05-02,45.91,30.48
2017-05-01,45.88,30.6
2017-04-28,45.91,31.01
2017-04-27,46.67,31.23
2017-04-26,47.36,31.65
2017-04-25,46.7,31.25
2017-04-24,47.05,31.32
2017-04-21,47.25,31.25
2017-04-20,48.41,31.58
2017-04-19,48.94,31.5
2017-04-18,49.22,31.5
2017-04-17,48.81,31.54
2017-04-13,48.62,31.52
2017-04-12,48.92,31.74
2017-04-11,48.7,31.54
2017-04-10,48.54,31.6
2017-04-07,48.66,31.76
2017-04-06,48.43,31.77
2017-04-05,49.02,32.48
2017-04-04,49.31,32.62
2017-04-03,49.18,32.53
2017-03-31,48.75,32.51
2017-03-30,49.06,32.68
2017-03-29,49.13,32.44
2017-03-28,49.3,32.52
2017-03-27,49.14,32.47
2017-03-24,49.68,32.62
2017-03-23,49.64,32.59
2017-03-22,49.71,32.59
2017-03-21,50.16,32.93
2017-03-20,50.24,33.19
2017-03-17,50.39,33.34
2017-03-16,50.04,33.21
2017-03-15,50.14,33.33
2017-03-14,49.36,32.94
2017-03-13,49.47,33.16
2017-03-10,49.35,33.14
2017-03-09,49.28,32.82
2017-03-08,49.16,32.69
2017-03-07,49.44,32.77
2017-03-06,50.03,32.83
2017-03-03,50.09,32.87
2017-03-02,49.98,32.92
2017-03-01,49.81,32.9
2017-02-28,49.63,32.7
2017-02-27,49.94,32.72
2017-02-24,50.6,33.15
2017-02-23,50.31,32.83
2017-02-22,49.67,32.54
2017-02-21,49.43,32.65
2017-02-17,49.19,32.46
2017-02-16,48.46,32.28
2017-02-15,48.08,32.18
2017-02-14,48.27,31.89
2017-02-13,48.55,31.81
2017-02-10,48.98,32.38
2017-02-09,48.81,32.33
2017-02-08,48.37,32.25
2017-02-07,48.04,32.18
2017-02-06,48.03,32.13
2017-02-03,48.58,32.28
2017-02-02,48.28,32.22
2017-02-01,48.39,32.91
2017-01-31,49.01,32.99
2017-01-30,49.37,32.72
2017-01-27,49.6,32.87
2017-01-26,49.12,32.69
2017-01-25,49.77,32.39
2017-01-24,50.12,32.37
2017-01-23,52.41,32.87
2017-01-20,52.72,32.44
2017-01-19,52.36,32.08
2017-01-18,52.25,31.93
2017-01-17,52.74,32.17
2017-01-13,52.55,32.05
2017-01-12,52.68,32.09
2017-01-11,52.46,31.78
2017-01-10,52.76,31.93
2017-01-09,52.68,31.93
2017-01-06,53.26,32.33
2017-01-05,54.64,33.37
2017-01-04,54.52,33.47
2017-01-03,54.58,33.66
2016-12-30,53.38,33.28
2016-12-29,53.74,33.38
2016-12-28,53.44,33.27
2016-12-27,53.64,33.37
2016-12-23,53.68,33.44
2016-12-22,53.65,33.43
2016-12-21,52.97,33.15
2016-12-20,53.12,33.23
2016-12-19,52.91,32.96
2016-12-16,52.27,32.61
2016-12-15,51.81,32.47
2016-12-14,51.63,32.16
2016-12-13,52.36,32.37
2016-12-12,51.76,32.18
2016-12-09,51.49,31.6
2016-12-08,51.13,31.62
2016-12-07,51.38,31.65
2016-12-06,50.36,30.79
2016-12-05,49.75,30.23
2016-12-02,49.81,30.21
2016-12-01,49.87,30.42
2016-11-30,49.9,30.23
2016-11-29,50.96,30.89
2016-11-28,51.12,30.94
2016-11-25,50.67,30.68
2016-11-23,50.23,30.31
2016-11-22,49.49,30.17
2016-11-21,48.31,29.53
2016-11-18,48.07,29.39
2016-11-17,47.84,29.27
2016-11-16,47.93,29.07
2016-11-15,47.37,28.77
2016-11-14,46.18,28.27
2016-11-11,46.69,28.57
2016-11-10,46.69,28.62
2016-11-09,47.86,29.3
2016-11-08,47.65,28.95
2016-11-07,47.46,28.8
2016-11-04,47.08,28.56
2016-11-03,46.87,28.66
2016-11-02,46.94,28.46
2016-11-01,47.66,28.61
2016-10-31,48.1,28.79
2016-10-28,48.21,28.57
2016-10-27,48.54,28.58
2016-10-26,47.63,28.51
2016-10-25,47.84,28.72
2016-10-24,48.21,28.84
2016-10-21,48.2,29.34
2016-10-20,49.14,30.24
2016-10-19,50.38,30.82
2016-10-18,50.27,30.8
2016-10-17,50.43,30.73
2016-10-14,50.28,30.69
2016-10-13,50.29,30.81
2016-10-12,50.3,30.78
2016-10-11,49.9,30.6
2016-10-10,50.19,30.53
2016-10-07,49.92,30.42
2016-10-06,50.26,30.6
2016-10-05,50.27,30.64
2016-10-04,51.26,31.22
2016-10-03,51.88,31.9
2016-09-30,51.98,31.78
2016-09-29,52.12,31.87
2016-09-28,52.06,31.97
2016-09-27,52.49,32.44
2016-09-26,52.15,32.19
2016-09-23,52.56,32.3
2016-09-22,52.35,32.17
2016-09-21,51.87,31.75
2016-09-20,51.27,31.27
2016-09-19,51.2,31.35
2016-09-16,51.88,31.46
2016-09-15,51.98,31.65
2016-09-14,51.49,31.21
2016-09-13,51.45,31.28
2016-09-12,52.57,31.86
2016-09-09,51.82,31.07
2016-09-08,53.6,32.23
2016-09-07,53.71,32.29
2016-09-06,53.51,32.26
2016-09-02,52.88,32.04
2016-09-01,52.56,32.05
2016-08-31,52.33,31.99
2016-08-30,52.27,32.0
2016-08-29,52.5,32.08
2016-08-26,52.07,31.83
2016-08-25,52.75,32.14
2016-08-24,52.53,31.98
2016-08-23,52.63,31.97
2016-08-22,52.55,32.01
2016-08-19,52.45,32.09
2016-08-18,52.87,32.4
2016-08-17,53.17,32.76
2016-08-16,52.76,32.83
2016-08-15,53.61,33.66
2016-08-12,53.65,33.87
2016-08-11,53.86,33.95
2016-08-10,53.81,33.8
2016-08-09,53.66,33.71
2016-08-08,53.59,33.59
2016-08-05,53.64,33.77
2016-08-04,53.93,33.71
2016-08-03,53.9,33.76
2016-08-02,54.0,33.77
2016-08-01,54.5,33.79
2016-07-29,55.41,33.88
2016-07-28,54.86,33.32
2016-07-27,55.32,33.46
2016-07-26,54.81,33.16
2016-07-25,55.87,33.6
2016-07-22,56.1,33.73
2016-07-21,55.37,33.27
2016-07-20,55.62,33.42
2016-07-19,55.7,33.47
2016-07-18,55.93,33.53
2016-07-15,55.84,33.56
2016-07-14,55.84,33.47
2016-07-13,56.0,33.33
2016-07-12,55.47,33.19
2016-07-11,55.93,33.26
2016-07-08,55.9,33.34
2016-07-07,55.38,33.1
2016-07-06,56.26,33.73
2016-07-05,56.53,33.92
2016-07-01,56.23,34.02
2016-06-30,55.84,33.81
2016-06-29,55.06,33.29
2016-06-28,54.82,32.88
2016-06-27,54.74,32.89
2016-06-24,54.43,32.49
2016-06-23,54.67,32.77
2016-06-22,54.03,32.32
2016-06-21,54.1,32.14
2016-06-20,53.76,31.91
2016-06-17,53.78,31.87
2016-06-16,53.46,31.68
2016-06-15,52.84,31.53
2016-06-14,52.99,31.6
2016-06-13,52.57,31.45
2016-06-10,52.67,31.56
2016-06-09,51.95,31.37
2016-06-08,51.52,31.19
2016-06-07,51.75,31.14
2016-06-06,50.71,30.78
2016-06-03,50.92,30.68
2016-06-02,50.77,30.39
2016-06-01,50.43,30.31
2016-05-31,50.9,30.64
2016-05-27,50.62,30.51
2016-05-26,50.16,30.39
2016-05-25,49.85,30.22
2016-05-24,49.58,30.13
2016-05-23,49.14,29.99
2016-05-20,49.66,30.09
2016-05-19,49.63,30.08
2016-05-18,50.39,30.09
2016-05-17,50.9,30.6
2016-05-16,51.23,30.74
2016-05-13,50.94,30.64
2016-05-12,51.47,30.95
2016-05-11,51.15,30.66
2016-05-10,51.54,30.76
2016-05-09,51.08,30.41
2016-05-06,51.12,30.51
2016-05-05,50.84,30.31
2016-05-04,50.84,30.42
2016-05-03,50.68,30.45
2016-05-02,51.32,30.6
2016-04-29,50.94,30.38
2016-04-28,51.02,30.24
2016-04-27,51.69,30.3
2016-04-26,50.44,29.81
2016-04-25,50.76,29.9
2016-04-22,50.55,29.79
2016-04-21,50.03,29.63
2016-04-20,51.75,30.3
2016-04-19,52.08,30.46
2016-04-18,51.73,30.24
2016-04-15,51.35,30.11
2016-04-14,51.36,30.06
2016-04-13,51.29,29.93
2016-04-12,51.95,30.26
2016-04-11,51.61,30.04
2016-04-08,52.18,30.13
2016-04-07,52.0,30.2
2016-04-06,53.52,30.24
2016-04-05,54.09,30.67
2016-04-04,54.42,30.8
2016-04-01,54.01,30.56
2016-03-31,54.08,30.65
2016-03-30,54.04,30.81
2016-03-29,54.05,30.87
2016-03-28,53.4,30.57
2016-03-24,53.56,30.42
2016-03-23,52.91,30.16
2016-03-22,53.21,30.23
2016-03-21,53.44,30.46
2016-03-18,53.24,30.17
2016-03-17,53.63,30.61
2016-03-16,53.21,30.34
2016-03-15,52.67,30.14
2016-03-14,52.54,29.99
2016-03-11,52.53,30.02
2016-03-10,52.32,29.98
2016-03-09,52.34,29.72
2016-03-08,52.46,29.81
2016-03-07,52.21,29.84
2016-03-04,51.81,29.68
2016-03-03,51.89,29.73
2016-03-02,52.12,29.49
2016-03-01,51.46,29.26
2016-02-29,50.73,28.91
2016-02-26,51.02,29.05
2016-02-25,51.11,29.24
2016-02-24,50.82,29.03
2016-02-23,50.63,28.75
2016-02-22,51.07,28.84
2016-02-19,50.86,28.62
2016-02-18,50.94,28.95
2016-02-17,50.32,28.67
2016-02-16,50.24,28.68
2016-02-12,50.11,28.54
2016-02-11,49.39,28.34
2016-02-10,49.98,28.51
2016-02-09,50.15,28.68
2016-02-08,50.74,29.04
2016-02-05,50.97,28.86
2016-02-04,50.43,28.59
2016-02-03,50.62,28.73
2016-02-02,49.91,28.22
2016-02-01,50.76,28.31
2016-01-29,49.97,28.22
2016-01-28,49.01,27.8
2016-01-27,49.03,27.76
2016-01-26,48.25,27.7
2016-01-25,47.03,27.39
2016-01-22,47.04,27.5
2016-01-21,45.87,27.03
2016-01-20,44.42,26.53
2016-01-19,44.87,27.0
2016-01-15,44.43,26.6
2016-01-14,44.87,26.84
2016-01-13,44.15,26.4
2016-01-12,44.93,26.53
2016-01-11,45.09,26.57
2016-01-08,44.83,26.25
2016-01-07,45.27,26.22
2016-01-06,45.52,26.65
2016-01-05,46.5,27.07
2016-01-04,45.87,26.88
2015-12-31,46.22,26.93
2015-12-30,46.77,27.18
2015-12-29,47.21,27.33
2015-12-28,46.75,27.2
2015-12-24,46.71,27.12
2015-12-23,46.95,27.22
2015-12-22,46.34,26.93
2015-12-21,45.9,26.68
2015-12-18,45.56,26.29
2015-12-17,46.1,26.63
2015-12-16,46.51,26.92
2015-12-15,45.55,26.46
2015-12-14,45.45,26.29
2015-12-11,44.82,25.96
2015-12-10,45.32,26.35
2015-12-09,45.36,26.27
2015-12-08,45.7,26.49
2015-12-07,46.06,26.82
2015-12-04,45.71,26.69
2015-12-03,44.56,25.9
2015-12-02,44.92,26.26
2015-12-01,45.58,26.43
2015-11-30,45.45,26.35
2015-11-27,45.23,26.27
2015-11-25,44.92,26.18
2015-11-24,45.19,26.13
2015-11-23,44.99,26.18
2015-11-20,45.39,26.34
2015-11-19,45.76,26.31
2015-11-18,45.38,26.25
2015-11-17,45.08,26.03
2015-11-16,45.04,25.85
2015-11-13,44.23,25.28
2015-11-12,44.83,25.58
2015-11-11,45.32,25.76
2015-11-10,45.1,25.66
2015-11-09,45.3,25.7
2015-11-06,45.78,25.95
2015-11-05,46.2,26.09
2015-11-04,46.14,26.2
2015-11-03,46.45,26.32
2015-11-02,46.78,26.3
2015-10-30,46.88,26.22
2015-10-29,46.4,26.25
2015-10-28,46.48,26.15
2015-10-27,46.17,25.99
2015-10-26,46.36,26.34
2015-10-23,46.16,26.4
2015-10-22,45.89,26.57
2015-10-21,44.86,26.29
2015-10-20,45.24,26.41
2015-10-19,44.7,26.32
2015-10-16,44.7,26.47
2015-10-15,44.67,26.21
2015-10-14,43.99,26.03
2015-10-13,44.36,26.0
2015-10-12,44.3,26.06
2015-10-09,44.16,25.93
2015-10-08,44.23,26.14
2015-10-07,43.85,25.92
2015-10-06,44.06,26.07
2015-10-05,44.0,26.16
2015-10-02,42.84,25.54
2015-10-01,42.96,25.46
2015-09-30,43.51,25.49
2015-09-29,43.53,25.1
2015-09-28,43.74,24.96
2015-09-25,44.22,25.3
2015-09-24,44.09,25.13
2015-09-23,43.98,25.2
2015-09-22,44.43,25.25
2015-09-21,44.8,25.48
2015-09-18,44.57,25.47
2015-09-17,45.23,25.65
2015-09-16,46.19,25.78
2015-09-15,46.37,25.71
2015-09-14,45.65,25.47
2015-09-11,45.73,25.6
2015-09-10,45.46,25.63
2015-09-09,45.39,25.65
2015-09-08,45.88,25.93
2015-09-04,44.82,25.48
2015-09-03,45.72,25.85
2015-09-02,45.35,25.68
2015-09-01,44.9,25.29
2015-08-31,46.01,25.98
2015-08-28,46.07,26.05
2015-08-27,46.19,26.17
2015-08-26,45.16,25.58
2015-08-25,43.5,24.88
2015-08-24,44.74,25.33
2015-08-21,46.1,26.12
2015-08-20,46.88,26.57
2015-08-19,47.44,26.89
2015-08-18,47.46,26.88
2015-08-17,47.52,26.79
2015-08-14,47.49,26.64
2015-08-13,47.66,26.46
2015-08-12,47.85,26.62
2015-08-11,47.6,27.11
2015-08-10,47.23,27.22
2015-08-07,46.36,26.77
2015-08-06,46.63,26.79
2015-08-05,46.64,27.05
2015-08-04,46.67,27.06
2015-08-03,46.97,27.12
2015-07-31,46.79,27.18
2015-07-30,46.67,27.23
2015-07-29,46.56,27.15
2015-07-28,45.89,26.86
2015-07-27,45.83,26.86
2015-07-24,46.04,26.83
2015-07-23,46.35,26.55
2015-07-22,46.45,26.82
2015-07-21,46.97,27.05
2015-07-20,48.1,27.31
2015-07-17,47.59,27.4
2015-07-16,47.83,27.51
2015-07-15,47.33,27.18
2015-07-14,47.41,27.48
2015-07-13,47.2,27.29
2015-07-10,47.0,27.11
2015-07-09,46.26,26.91
2015-07-08,46.58,27.22
2015-07-07,47.25,27.99
2015-07-06,47.04,27.87
2015-07-02,47.2,27.96
2015-07-01,47.0,27.83
2015-06-30,46.61,27.8
2015-06-29,46.77,27.99
2015-06-26,47.62,28.26
2015-06-25,47.44,28.31
2015-06-24,47.29,28.0
2015-06-23,47.77,28.1
2015-06-22,47.53,27.42
2015-06-19,47.46,27.38
2015-06-18,47.77,27.4
2015-06-17,47.27,27.23
2015-06-16,47.42,27.13
2015-06-15,47.0,26.93
2015-06-12,47.25,27.11
2015-06-11,47.76,27.29
2015-06-10,47.47,27.17
2015-06-09,47.34,27.0
2015-06-08,47.44,27.07
2015-06-05,47.23,27.05
2015-06-04,48.1,27.6
2015-06-03,49.08,27.41
2015-06-02,49.14,26.89
2015-06-01,49.22,26.88
2015-05-29,49.44,27.03
2015-05-28,49.54,27.23
2015-05-27,49.57,27.35
2015-05-26,49.42,27.13
2015-05-22,49.61,27.16
2015-05-21,49.9,27.44
2015-05-20,49.69,27.09
2015-05-19,49.55,26.9
2015-05-18,49.6,27.29
2015-05-15,49.79,26.86
2015-05-14,49.97,26.71
2015-05-13,49.73,26.53
2015-05-12,49.62,26.34
2015-05-11,49.8,26.21
2015-05-08,50.14,26.36
2015-05-07,49.73,26.11
2015-05-06,49.64,26.12
2015-05-05,50.09,26.39
2015-05-04,50.52,27.02
2015-05-01,50.41,26.93
2015-04-30,50.44,27.11
2015-04-29,50.47,27.2
2015-04-28,50.55,27.28
2015-04-27,50.08,26.68
2015-04-24,50.03,26.61
2015-04-23,50.05,26.79
2015-04-22,49.57,25.71
2015-04-21,49.17,25.56
2015-04-20,49.38,25.69
2015-04-17,48.9,25.44
2015-04-16,49.27,25.63
2015-04-15,49.39,25.74
2015-04-14,49.18,25.58
2015-04-13,49.04,25.73
2015-04-10,49.22,25.64
2015-04-09,49.01,25.58
2015-04-08,49.13,25.55
2015-04-07,49.27,25.95
2015-04-06,49.63,26.08
2015-04-02,49.47,25.92
2015-04-01,48.92,25.74
2015-03-31,48.63,25.55
2015-03-30,49.12,25.8
2015-03-27,48.56,25.63
2015-03-26,48.42,25.68
2015-03-25,48.73,25.53
2015-03-24,49.41,25.88
2015-03-23,49.64,26.04
2015-03-20,49.56,26.0
2015-03-19,49.3,25.98
2015-03-18,49.54,26.28
2015-03-17,48.95,25.74
2015-03-16,49.27,25.87
2015-03-13,48.84,25.64
2015-03-12,48.73,25.92
2015-03-11,47.68,25.53
2015-03-10,47.51,25.65
2015-03-09,48.23,26.1
2015-03-06,48.29,26.2
2015-03-05,48.92,26.61
2015-03-04,49.07,26.61
2015-03-03,49.55,26.93
2015-03-02,49.47,27.11
2015-02-27,49.45,27.04
2015-02-26,49.37,27.0
2015-02-25,49.2,26.77
2015-02-24,49.22,26.64
2015-02-23,48.77,26.49
2015-02-20,48.97,26.67
2015-02-19,48.91,26.68
2015-02-18,48.94,26.99
2015-02-17,49.18,27.16
2015-02-13,49.31,27.12
2015-02-12,49.52,27.08
2015-02-11,49.81,26.91
2015-02-10,49.51,27.27
2015-02-09,49.09,27.11
2015-02-06,49.33,27.29
2015-02-05,47.86,27.03
2015-02-04,47.8,26.93
2015-02-03,47.83,26.87
2015-02-02,46.98,26.26
2015-01-30,45.71,25.76
2015-01-29,46.11,25.79
2015-01-28,46.05,25.57
2015-01-27,46.35,25.67
2015-01-26,46.96,25.96
2015-01-23,47.15,26.11
2015-01-22,47.8,26.44
2015-01-21,48.25,26.61
2015-01-20,48.18,26.57
2015-01-16,47.99,26.45
2015-01-15,47.1,26.03
2015-01-14,46.97,26.08
2015-01-13,47.18,26.21
2015-01-12,47.08,26.21
2015-01-09,46.76,26.14
2015-01-08,47.18,26.21
2015-01-07,46.19,25.96
2015-01-06,47.04,26.29
2015-01-05,46.57,26.25
2015-01-02,46.96,26.5
2014-12-31,46.78,26.28
2014-12-30,47.33,26.67
2014-12-29,47.55,26.69
2014-12-26,47.86,26.74
2014-12-24,47.67,26.57
2014-12-23,47.67,26.63
2014-12-22,47.51,26.49
2014-12-19,47.02,26.25
2014-12-18,47.05,26.22
2014-12-17,46.44,25.56
2014-12-16,45.53,25.15
2014-12-15,45.42,25.24
2014-12-12,45.58,25.17
2014-12-11,46.36,25.6
2014-12-10,46.18,25.42
2014-12-09,46.92,25.74
2014-12-08,48.9,26.51
2014-12-05,48.61,26.56
2014-12-04,48.78,26.54
2014-12-03,48.79,26.61
2014-12-02,49.11,26.83
2014-12-01,50.03,27.44
2014-11-28,50.59,27.69
2014-11-26,50.04,27.49
2014-11-25,49.34,27.25
2014-11-24,49.5,27.15
2014-11-21,50.21,27.61
2014-11-20,50.19,27.61
2014-11-19,50.49,27.68
2014-11-18,51.22,27.95
2014-11-17,51.4,28.05
2014-11-14,51.5,28.09
2014-11-13,51.2,27.87
2014-11-12,50.82,27.7
2014-11-11,50.61,27.47
2014-11-10,50.72,27.48
2014-11-07,50.86,27.32
2014-11-06,50.28,27.17
2014-11-05,50.34,27.33
2014-11-04,50.33,27.22
2014-11-03,50.39,27.26
2014-10-31,50.25,27.26
2014-10-30,49.9,27.0
2014-10-29,49.83,26.92
2014-10-28,49.96,26.86
2014-10-27,49.42,26.69
2014-10-24,48.77,26.5
2014-10-23,48.22,26.34
2014-10-22,48.31,27.0
2014-10-21,48.69,27.09
2014-10-20,48.48,26.82
2014-10-17,48.07,26.67
2014-10-16,47.67,26.32
2014-10-15,47.92,26.5
2014-10-14,48.22,26.48
2014-10-13,48.37,26.46
2014-10-10,48.94,26.8
2014-10-09,48.93,27.12
2014-10-08,49.87,27.51
2014-10-07,49.68,27.65
2014-10-06,50.08,27.77
2014-10-03,49.71,27.67
2014-10-02,49.29,27.36
2014-10-01,49.43,27.36
2014-09-30,49.99,27.58
2014-09-29,49.75,27.57
2014-09-26,49.77,27.61
2014-09-25,49.61,27.45
2014-09-24,50.07,27.7
2014-09-23,49.91,27.59
2014-09-22,50.18,27.78
2014-09-19,50.35,27.76
2014-09-18,49.69,27.51
2014-09-17,49.21,27.4
2014-09-16,48.96,27.35
2014-09-15,48.56,27.15
2014-09-12,48.4,27.0
2014-09-11,49.01,27.27
2014-09-10,48.75,27.15
2014-09-09,48.9,27.12
2014-09-08,49.53,27.4
2014-09-05,49.94,27.51
2014-09-04,49.72,27.34
2014-09-03,49.88,27.36
2014-09-02,49.77,27.26
2014-08-29,49.82,27.36
2014-08-28,49.41,27.18
2014-08-27,49.43,27.19
2014-08-26,49.25,27.0
2014-08-25,49.15,27.0
2014-08-22,48.64,27.0
2014-08-21,48.87,27.11
2014-08-20,48.82,27.02
2014-08-19,48.7,26.98
2014-08-18,48.78,27.11
2014-08-15,48.8,27.18
2014-08-14,49.0,27.32
2014-08-13,48.92,27.15
2014-08-12,48.84,27.11
2014-08-11,48.67,26.97
2014-08-08,48.7,26.97
2014-08-07,48.65,26.77
2014-08-06,49.13,27.09
2014-08-05,49.66,27.47
2014-08-04,50.21,27.75
2014-08-01,49.83,27.65
2014-07-31,50.42,27.85
2014-07-30,51.76,28.45
2014-07-29,51.97,28.63
2014-07-28,51.58,27.9
2014-07-25,51.28,27.81
2014-07-24,51.05,27.78
2014-07-23,50.91,28.08
2014-07-22,50.98,28.12
2014-07-21,50.7,28.14
2014-07-18,50.75,28.3
2014-07-17,50.32,28.19
2014-07-16,50.96,28.52
2014-07-15,50.71,28.36
2014-07-14,50.53,28.06
2014-07-11,50.32,27.98
2014-07-10,49.64,27.94
2014-07-09,48.9,27.9
2014-07-08,48.76,27.83
2014-07-07,49.75,28.19
2014-07-03,49.71,28.05
2014-07-02,49.66,27.91
2014-07-01,49.37,27.76
2014-06-30,48.93,27.67
2014-06-27,49.32,27.71
2014-06-26,49.21,27.59
2014-06-25,49.41,27.59
2014-06-24,49.28,27.62
2014-06-23,49.73,27.69
2014-06-20,49.39,27.69
2014-06-19,49.47,27.67
2014-06-18,49.42,27.54
2014-06-17,49.21,27.4
2014-06-16,49.31,27.37
2014-06-13,49.18,27.41
2014-06-12,49.04,27.26
2014-06-11,49.37,27.24
2014-06-10,49.52,27.34
2014-06-09,49.57,27.4
2014-06-06,49.42,27.4
2014-06-05,49.28,27.47
2014-06-04,49.15,27.43
2014-06-03,49.29,27.54
2014-06-02,50.05,27.73
2014-05-30,49.96,27.76
2014-05-29,49.72,27.69
2014-05-28,49.74,27.65
2014-05-27,49.62,27.55
2014-05-23,49.74,27.64
2014-05-22,49.45,27.69
2014-05-21,49.17,27.6
2014-05-20,48.65,27.78
2014-05-19,49.15,28.47
2014-05-16,49.07,28.75
2014-05-15,47.96,28.58
2014-05-14,48.01,28.48
2014-05-13,47.85,28.33
2014-05-12,48.16,28.62
2014-05-09,48.48,28.52
2014-05-08,48.49,28.48
2014-05-07,48.1,27.98
2014-05-06,47.47,27.77
2014-05-05,47.39,27.98
2014-05-02,47.12,27.88
2014-05-01,47.22,27.84
2014-04-30,46.73,27.94
2014-04-29,46.77,27.72
2014-04-28,46.6,27.45
2014-04-25,45.94,26.99
2014-04-24,46.28,27.0
2014-04-23,47.43,27.33
2014-04-22,47.92,28.4
2014-04-21,47.98,28.22
2014-04-17,47.6,28.2
2014-04-16,47.1,28.25
2014-04-15,46.92,27.92
2014-04-14,47.27,27.67
2014-04-11,47.07,27.54
2014-04-10,47.47,27.48
2014-04-09,47.98,27.33
2014-04-08,48.21,27.6
2014-04-07,48.12,27.77
2014-04-04,48.04,27.82
2014-04-03,48.12,27.88
2014-04-02,47.82,27.68
2014-04-01,47.75,27.46
2014-03-31,47.57,27.44
2014-03-28,47.42,27.44
2014-03-27,47.69,27.36
2014-03-26,47.01,27.08
2014-03-25,47.22,27.17
2014-03-24,47.01,26.97
2014-03-21,46.91,26.84
2014-03-20,47.21,26.68
2014-03-19,46.36,25.79
2014-03-18,46.7,25.81
2014-03-17,46.31,25.74
2014-03-14,46.08,25.42
2014-03-13,46.03,25.31
2014-03-12,46.36,25.34
2014-03-11,46.7,25.22
2014-03-10,47.03,25.44
2014-03-07,47.15,25.46
2014-03-06,47.46,25.31
2014-03-05,47.38,25.14
2014-03-04,47.9,25.16
2014-03-03,47.31,24.93
2014-02-28,47.58,24.99
2014-02-27,47.5,25.22
2014-02-26,46.35,25.04
2014-02-25,46.29,25.17
2014-02-24,46.23,25.41
2014-02-21,47.27,25.67
2014-02-20,48.12,25.96
2014-02-19,46.53,25.71
2014-02-18,45.98,25.68
2014-02-14,46.51,25.94
2014-02-13,47.31,26.21
2014-02-12,47.37,25.78
2014-02-11,47.21,25.78
2014-02-10,46.91,25.38
2014-02-07,46.81,25.28
2014-02-06,46.68,25.04
2014-02-05,46.69,25.1
2014-02-04,46.82,25.39
2014-02-03,46.41,25.0
2014-01-31,48.02,26.07
2014-01-30,47.63,26.1
2014-01-29,47.69,26.07
2014-01-28,47.36,26.37
2014-01-27,47.69,26.22
2014-01-24,47.63,26.15
2014-01-23,47.86,26.45
2014-01-22,47.33,26.09
2014-01-21,47.7,26.27
2014-01-17,48.35,26.37
2014-01-16,48.53,26.57
2014-01-15,48.27,26.44
2014-01-14,47.08,26.2
2014-01-13,47.03,26.06
2014-01-10,47.75,26.31
2014-01-09,47.5,26.25
2014-01-08,48.5,26.79
2014-01-07,49.3,27.35
2014-01-06,48.69,27.36
2014-01-03,48.42,27.23
2014-01-02,49.0,27.35
2013-12-31,49.14,27.51
2013-12-30,49.15,27.54
2013-12-27,49.17,27.53
2013-12-26,49.18,27.51
2013-12-24,48.98,27.35
2013-12-23,48.58,27.15
2013-12-20,48.08,26.84
2013-12-19,48.43,26.96
2013-12-18,48.47,26.9
2013-12-17,47.56,26.49
2013-12-16,48.26,26.72
2013-12-13,47.84,26.49
2013-12-12,48.13,26.52
2013-12-11,48.49,26.57
2013-12-10,49.05,26.92
2013-12-09,49.57,27.15
2013-12-06,49.48,27.02
2013-12-05,48.91,26.8
2013-12-04,49.37,27.08
2013-12-03,49.6,27.18
2013-12-02,49.26,27.23
2013-11-29,49.62,27.55
2013-11-27,49.93,27.71
2013-11-26,50.05,27.61
2013-11-25,50.01,27.68
2013-11-22,50.22,27.72
2013-11-21,50.38,27.62
2013-11-20,50.4,27.7
2013-11-19,50.78,27.95
2013-11-18,50.76,27.86
2013-11-15,50.31,27.72
2013-11-14,50.27,27.51
2013-11-13,49.99,27.44
2013-11-12,50.16,27.52
2013-11-11,49.96,27.41
2013-11-08,50.2,27.52
2013-11-07,50.17,27.47
2013-11-06,50.61,28.03
2013-11-05,50.1,27.8
2013-11-04,51.08,28.52
2013-11-01,50.49,28.36
2013-10-31,50.51,28.33
2013-10-30,50.53,28.37
2013-10-29,51.09,28.38
2013-10-28,50.57,27.83
2013-10-25,50.71,27.54
2013-10-24,50.42,27.1
2013-10-23,50.82,27.61
2013-10-22,51.14,27.57
2013-10-21,50.58,27.56
2013-10-18,50.01,27.08
2013-10-17,48.9,26.95
2013-10-16,47.25,26.76
2013-10-15,46.32,26.38
2013-10-14,46.81,26.54
2013-10-11,47.09,26.76
2013-10-10,46.86,26.72
2013-10-09,46.2,26.41
2013-10-08,46.05,25.91
2013-10-07,47.29,26.61
2013-10-04,47.1,26.41
2013-10-03,47.01,26.32
2013-10-02,46.79,26.56
2013-10-01,46.99,26.65
2013-09-30,46.68,26.46
2013-09-27,47.0,26.59
2013-09-26,47.67,26.79
2013-09-25,46.95,26.64
2013-09-24,47.27,26.68
2013-09-23,47.98,26.78
2013-09-20,47.78,26.85
2013-09-19,48.51,27.24
2013-09-18,48.72,27.35
2013-09-17,48.57,27.19
2013-09-16,48.3,27.05
2013-09-13,47.76,26.86
2013-09-12,47.35,26.9
2013-09-11,46.52,26.58
2013-09-10,46.47,26.58
2013-09-09,45.91,26.32
2013-09-06,46.34,26.14
2013-09-05,46.64,26.09
2013-09-04,46.78,26.4
2013-09-03,46.01,26.07
2013-08-30,47.38,26.47
2013-08-29,47.82,26.33
2013-08-28,46.56,26.28
2013-08-27,46.95,26.36
2013-08-26,46.94,26.46
2013-08-23,47.61,26.83
2013-08-22,47.02,26.46
2013-08-21,47.27,26.2
2013-08-20,47.91,26.5
2013-08-19,47.5,26.44
2013-08-16,47.71,26.75
2013-08-15,48.54,26.88
2013-08-14,48.89,27.21
2013-08-13,49.15,27.17
2013-08-12,49.65,27.33
2013-08-09,49.32,27.23
2013-08-08,49.62,27.62
2013-08-07,49.93,27.85
2013-08-06,50.09,27.76
2013-08-05,50.21,27.91
2013-08-02,50.25,27.99
2013-08-01,50.01,27.95
2013-07-31,49.48,27.6
2013-07-30,50.42,27.72
2013-07-29,51.49,28.08
2013-07-26,51.02,27.86
2013-07-25,50.71,27.75
2013-07-24,50.38,27.7
2013-07-23,50.36,28.02
2013-07-22,50.27,27.84
2013-07-19,49.95,28.02
2013-07-18,49.97,27.97
2013-07-17,50.74,28.14
2013-07-16,50.28,28.08
2013-07-15,49.96,27.82
2013-07-12,50.41,28.02
2013-07-11,51.21,28.07
2013-07-10,50.54,27.69
2013-07-09,50.96,27.86
2013-07-08,51.17,27.84
2013-07-05,51.3,28.04
2013-07-03,51.01,27.87
2013-07-02,50.63,27.8
2013-07-01,50.36,27.62
2013-06-28,50.34,27.7
2013-06-27,51.0,27.88
2013-06-26,50.66,27.65
2013-06-25,50.44,27.41
2013-06-24,49.12,26.97
2013-06-21,49.52,26.97
2013-06-20,48.96,26.88
2013-06-19,50.05,27.58
2013-06-18,51.55,28.3
2013-06-17,50.71,27.98
2013-06-14,51.07,28.1
2013-06-13,50.64,28.41
2013-06-12,49.9,27.87
2013-06-11,50.18,27.98
2013-06-10,50.53,28.16
2013-06-07,50.24,27.74
2013-06-06,49.97,28.02
2013-06-05,48.3,27.59
2013-06-04,48.84,27.91
2013-06-03,48.66,27.44
2013-05-31,48.48,27.38
2013-05-30,49.08,27.78
2013-05-29,49.57,28.1
2013-05-28,50.82,28.31
2013-05-24,51.39,28.76
2013-05-23,51.89,28.75
2013-05-22,51.47,28.66
2013-05-21,52.07,28.91
2013-05-20,52.74,29.13
2013-05-17,53.35,29.3
2013-05-16,53.2,29.25
2013-05-15,53.6,29.37
2013-05-14,53.17,29.13
2013-05-13,52.55,28.95
2013-05-10,52.89,29.23
2013-05-09,52.71,29.21
2013-05-08,53.11,29.6
2013-05-07,52.92,29.36
2013-05-06,52.05,29.02
2013-05-03,52.68,29.22
2013-05-02,52.53,29.39
2013-05-01,52.4,29.39
2013-04-30,53.91,29.31
2013-04-29,53.46,29.19
2013-04-26,53.63,28.98
2013-04-25,53.22,29.17
2013-04-24,51.8,28.98
2013-04-23,52.32,30.52
2013-04-22,52.19,30.31
2013-04-19,52.25,29.95
2013-04-18,50.91,29.53
2013-04-17,49.54,29.56
2013-04-16,50.46,29.69
2013-04-15,50.64,29.7
2013-04-12,50.86,30.2
2013-04-11,50.51,30.16
2013-04-10,49.86,29.88
2013-04-09,49.36,29.55
2013-04-08,49.43,29.44
2013-04-05,49.56,29.75
2013-04-04,49.3,29.67
2013-04-03,48.99,29.17
2013-04-02,49.5,29.4
2013-04-01,49.22,29.15
2013-03-28,49.15,28.71
2013-03-27,48.94,28.66
2013-03-26,49.48,28.75
2013-03-25,49.16,28.48
2013-03-22,49.02,28.51
2013-03-21,48.8,28.29
2013-03-20,48.6,28.32
2013-03-19,48.95,28.28
2013-03-18,48.75,28.29
2013-03-15,48.02,28.51
2013-03-14,48.48,28.84
2013-03-13,47.94,28.64
2013-03-12,48.36,28.73
2013-03-11,47.81,28.64
2013-03-08,47.96,28.7
2013-03-07,47.48,28.48
2013-03-06,47.28,28.4
2013-03-05,47.69,28.64
2013-03-04,47.11,28.35
2013-03-01,46.72,28.18
2013-02-28,46.53,28.1
2013-02-27,46.35,28.05
2013-02-26,46.12,27.77
2013-02-25,45.72,27.54
2013-02-22,45.4,27.92
2013-02-21,45.12,27.72
2013-02-20,44.92,27.76
2013-02-19,44.5,27.91
2013-02-15,44.4,27.67
2013-02-14,44.33,27.62
2013-02-13,44.52,27.72
2013-02-12,44.44,27.86
2013-02-11,44.32,27.57
2013-02-08,44.35,27.6
2013-02-07,44.46,27.6
2013-02-06,44.75,27.72
2013-02-05,44.56,27.66
2013-02-04,44.52,27.57
2013-02-01,44.56,27.79
2013-01-31,43.61,27.22
2013-01-30,43.61,26.98
2013-01-29,43.5,27.14
2013-01-28,42.77,26.71
2013-01-25,42.67,26.62
2013-01-24,42.59,26.41
2013-01-23,42.79,26.43
2013-01-22,42.94,26.3
2013-01-18,42.54,26.17
2013-01-17,42.13,25.98
2013-01-16,41.51,26.03
2013-01-15,41.97,26.42
2013-01-14,42.59,26.62
2013-01-11,43.3,26.82
2013-01-10,43.59,26.9
2013-01-09,43.0,26.79
2013-01-08,43.1,26.88
2013-01-07,44.69,27.69
2013-01-04,44.3,27.57
2013-01-03,44.06,27.4
2013-01-02,44.27,27.39
2012-12-31,43.27,26.38
2012-12-28,42.9,26.07
2012-12-27,43.48,26.34
2012-12-26,43.45,26.43
2012-12-24,43.54,26.4
2012-12-21,43.57,26.35
2012-12-20,43.81,26.74
2012-12-19,43.38,26.54
2012-12-18,43.87,26.87
2012-12-17,44.12,26.79
2012-12-14,44.21,26.61
2012-12-13,44.52,26.86
2012-12-12,44.79,26.99
2012-12-11,44.44,26.72
2012-12-10,44.03,26.39
2012-12-07,44.41,26.4
2012-12-06,44.45,26.33
2012-12-05,44.1,26.54
2012-12-04,43.67,26.54
2012-12-03,44.1,26.72
2012-11-30,44.12,26.71
2012-11-29,44.01,26.55
