Date,VZ_Close_Last,T_Close_Last
11/28/2022,38.24,18.82
11/25/2022,39.02,19.12
11/23/2022,38.92,19.09
11/22/2022,39.20,19.00
11/21/2022,38.62,18.84
11/18/2022,38.55,18.97
11/17/2022,38.16,18.95
11/16/2022,37.88,18.93
11/15/2022,37.70,19.02
11/14/2022,38.31,19.06
11/11/2022,38.30,19.05
11/10/2022,38.52,18.84
11/9/2022,37.62,18.38
11/8/2022,37.87,18.57
11/7/2022,37.19,18.36
11/4/2022,37.24,18.32
11/3/2022,37.15,18.17
11/2/2022,37.71,18.43
11/1/2022,37.37,18.35
10/31/2022,37.37,18.23
10/28/2022,37.67,18.48
10/27/2022,36.18,18.03
10/26/2022,36.43,18.14
10/25/2022,36.43,17.69
10/24/2022,35.97,17.51
10/21/2022,35.35,17.10
10/20/2022,37.00,16.74
10/19/2022,36.57,15.54
10/18/2022,37.07,15.60
10/17/2022,37.18,15.31
10/14/2022,36.38,14.99
10/13/2022,36.40,15.12
10/12/2022,35.68,14.63
10/11/2022,35.94,14.81
10/10/2022,36.62,14.90
10/7/2022,36.85,14.94
10/6/2022,37.84,15.32
10/5/2022,39.40,15.93
10/4/2022,39.81,16.09
10/3/2022,39.16,15.90
9/30/2022,37.97,15.34
9/29/2022,38.64,15.53
9/28/2022,39.39,15.83
9/27/2022,38.89,15.73
9/26/2022,38.93,15.67
9/23/2022,39.52,16.01
9/22/2022,39.93,16.24
9/21/2022,39.48,16.25
9/20/2022,40.59,16.56
9/19/2022,41.24,16.76
9/16/2022,41.25,16.74
9/15/2022,41.03,16.76
9/14/2022,41.28,16.77
9/13/2022,41.75,16.83
9/12/2022,42.76,17.38
9/9/2022,42.24,17.03
9/8/2022,41.32,16.77
9/7/2022,41.08,16.87
9/6/2022,41.10,16.79
9/2/2022,41.30,17.19
9/1/2022,41.81,17.50
8/31/2022,41.81,17.54
8/30/2022,42.53,17.82
8/29/2022,43.33,17.78
8/26/2022,43.25,17.89
8/25/2022,43.74,18.09
8/24/2022,43.55,18.01
8/23/2022,43.47,18.06
8/22/2022,44.17,18.13
8/19/2022,44.42,18.43
8/18/2022,44.19,18.43
8/17/2022,45.34,18.42
8/16/2022,45.80,18.57
8/15/2022,45.56,18.39
8/12/2022,45.15,18.27
8/11/2022,44.78,18.04
8/10/2022,44.84,18.01
8/9/2022,44.68,18.10
8/8/2022,44.54,18.00
8/5/2022,44.95,18.35
8/4/2022,44.43,18.27
8/3/2022,45.33,18.37
8/2/2022,45.34,18.36
8/1/2022,46.26,18.73
7/29/2022,46.19,18.78
7/28/2022,45.55,18.58
7/27/2022,44.91,18.39
7/26/2022,44.92,18.30
7/25/2022,44.76,18.53
7/22/2022,44.45,18.40
7/21/2022,47.66,18.92
7/20/2022,49.07,20.48
7/19/2022,50.45,20.80
7/18/2022,50.28,20.53
7/15/2022,51.02,20.57
7/14/2022,50.49,20.33
7/13/2022,50.51,20.45
7/12/2022,50.78,20.60
7/11/2022,50.50,20.66
7/8/2022,50.49,20.80
7/7/2022,50.71,21.15
7/6/2022,51.51,21.09
7/5/2022,51.42,21.17
7/1/2022,51.64,21.31
6/30/2022,50.75,20.96
6/29/2022,50.94,20.95
6/28/2022,50.46,20.61
6/27/2022,50.96,20.78
6/24/2022,50.96,20.99
6/23/2022,52.09,20.61
6/22/2022,50.79,20.32
6/21/2022,50.65,19.96
6/17/2022,49.03,19.38
6/16/2022,48.84,18.96
6/15/2022,49.15,19.44
6/14/2022,49.16,19.45
6/13/2022,49.59,19.76
6/10/2022,50.82,20.69
6/9/2022,50.94,20.88
6/8/2022,51.55,21.05
6/7/2022,51.65,21.14
6/6/2022,51.24,20.94
6/3/2022,50.81,20.90
6/2/2022,51.29,21.19
6/1/2022,51.40,21.22
5/31/2022,51.29,21.29
5/27/2022,51.40,21.29
5/26/2022,50.99,21.32
5/25/2022,51.24,21.30
5/24/2022,50.68,21.16
5/23/2022,49.67,20.74
5/20/2022,49.53,20.40
5/19/2022,49.10,20.21
5/18/2022,48.89,20.23
5/17/2022,48.94,20.57
5/16/2022,49.04,20.28
5/13/2022,48.18,19.84
5/12/2022,48.06,19.72
5/11/2022,47.88,19.43
5/10/2022,48.13,19.36
5/9/2022,48.62,19.55
5/6/2022,48.27,20.03
5/5/2022,47.84,19.95
5/4/2022,48.37,19.95
5/3/2022,47.17,19.33
5/2/2022,46.23,19.12
4/29/2022,46.30,18.86
4/28/2022,48.40,19.42
4/27/2022,48.46,19.07
4/26/2022,49.41,19.30
4/25/2022,50.28,19.51
4/22/2022,51.91,19.52
4/21/2022,55.01,20.21
4/20/2022,54.41,19.43
4/19/2022,53.75,19.49
4/18/2022,53.39,19.46
4/14/2022,53.83,19.54
4/13/2022,54.14,19.42
4/12/2022,53.67,19.56
4/11/2022,53.90,19.63
4/8/2022,53.53,18.89
4/7/2022,52.67,18.57
4/6/2022,53.20,18.80
4/5/2022,52.78,18.69
4/4/2022,52.46,18.92
4/1/2022,52.12,18.76
3/31/2022,50.94,18.49
3/30/2022,51.61,18.89
3/29/2022,51.25,18.77
3/28/2022,51.17,18.68
3/25/2022,51.28,18.66
3/24/2022,51.00,18.26
3/23/2022,50.97,18.16
3/22/2022,51.00,18.16
3/21/2022,51.10,18.12
3/18/2022,50.80,18.17
3/17/2022,52.36,18.15
3/16/2022,52.49,18.15
3/15/2022,52.76,18.07
3/14/2022,52.50,17.91
3/11/2022,53.04,18.15
3/10/2022,53.23,18.15
3/9/2022,53.08,18.20
3/8/2022,53.25,18.00
3/7/2022,54.68,18.44
3/4/2022,55.11,18.68
3/3/2022,54.66,18.71
3/2/2022,54.14,18.64
3/1/2022,53.61,18.41
2/28/2022,53.67,18.54
2/25/2022,54.12,18.71
2/24/2022,52.59,18.18
2/23/2022,53.41,18.40
2/22/2022,53.90,18.58
2/18/2022,53.83,18.68
2/17/2022,53.58,18.59
2/16/2022,53.40,18.73
2/15/2022,53.36,19.05
2/14/2022,53.27,18.82
2/11/2022,53.32,18.88
2/10/2022,53.04,18.98
2/9/2022,53.50,19.17
2/8/2022,52.82,18.73
2/7/2022,53.00,18.73
2/4/2022,53.31,18.84
2/3/2022,53.79,19.22
2/2/2022,53.80,19.20
2/1/2022,53.20,19.11
1/31/2022,53.23,19.95
1/28/2022,52.90,19.73
1/27/2022,51.19,18.87
1/26/2022,51.02,18.98
1/25/2022,52.90,20.72
1/24/2022,52.96,20.61
1/21/2022,53.16,20.82
1/20/2022,53.40,21.14
1/19/2022,53.50,21.35
1/18/2022,53.43,21.37
1/14/2022,53.28,21.27
1/13/2022,53.52,20.97
1/12/2022,53.45,20.70
1/11/2022,53.59,20.61
1/10/2022,53.87,20.71
1/7/2022,54.24,20.57
1/6/2022,53.76,20.43
1/5/2022,54.02,20.51
1/4/2022,53.47,20.06
1/3/2022,52.44,19.90
12/31/2021,51.96,19.25
12/30/2021,52.25,19.39
12/29/2021,52.36,19.28
12/28/2021,52.72,19.42
12/27/2021,52.68,19.39
12/23/2021,52.68,19.46
12/22/2021,52.77,19.39
12/21/2021,52.78,19.15
12/20/2021,53.09,18.93
12/17/2021,53.17,18.61
12/16/2021,52.75,18.55
12/15/2021,50.55,17.35
12/14/2021,50.65,17.44
12/13/2021,50.28,17.56
12/10/2021,50.19,17.87
12/9/2021,50.16,17.95
12/8/2021,50.49,18.13
12/7/2021,50.79,18.06
12/6/2021,51.07,18.22
12/3/2021,51.42,18.36
12/2/2021,50.73,18.04
12/1/2021,49.77,17.40
11/30/2021,50.27,17.86
11/29/2021,51.66,18.69
11/26/2021,51.80,18.95
11/24/2021,51.66,19.15
11/23/2021,51.75,19.38
11/22/2021,51.54,19.33
11/19/2021,50.86,18.88
11/18/2021,51.24,19.09
11/17/2021,51.73,19.30
11/16/2021,52.06,19.30
11/15/2021,52.40,19.41
11/12/2021,52.34,19.52
11/11/2021,52.45,19.50
11/10/2021,52.60,19.52
11/9/2021,52.24,19.34
11/8/2021,52.33,19.47
11/5/2021,52.24,19.64
11/4/2021,51.85,19.41
11/3/2021,52.94,19.70
11/2/2021,52.57,19.74
11/1/2021,52.95,19.85
10/29/2021,52.99,19.77
10/28/2021,52.80,19.99
10/27/2021,52.63,19.61
10/26/2021,53.08,19.85
10/25/2021,52.58,20.06
10/22/2021,52.93,19.95
10/21/2021,53.39,20.16
10/20/2021,53.61,20.28
10/19/2021,52.35,20.02
10/18/2021,51.91,19.82
10/15/2021,52.27,20.11
10/14/2021,51.92,20.05
10/13/2021,51.35,19.80
10/12/2021,51.33,19.90
10/11/2021,52.18,20.37
10/8/2021,53.24,20.95
10/7/2021,53.90,21.20
10/6/2021,54.53,21.37
10/5/2021,54.51,21.40
10/4/2021,54.50,21.32
10/1/2021,54.30,21.25
9/30/2021,54.01,21.14
9/29/2021,54.38,21.44
9/28/2021,54.16,21.32
9/27/2021,54.47,21.44
9/24/2021,54.37,21.23
9/23/2021,54.42,21.28
9/22/2021,54.06,21.14
9/21/2021,54.03,21.10
9/20/2021,54.26,21.29
9/17/2021,54.28,21.54
9/16/2021,54.43,21.60
9/15/2021,54.57,21.57
9/14/2021,54.41,21.39
9/13/2021,54.62,21.53
9/10/2021,54.23,21.27
9/9/2021,54.44,21.46
9/8/2021,54.91,21.60
9/7/2021,54.82,21.46
9/3/2021,55.43,21.57
9/2/2021,55.29,21.63
9/1/2021,54.94,21.28
8/31/2021,55.00,21.46
8/30/2021,54.77,21.31
8/27/2021,54.77,21.23
8/26/2021,54.60,21.14
8/25/2021,54.93,21.46
8/24/2021,55.01,21.48
8/23/2021,55.42,21.53
8/20/2021,55.52,21.57
8/19/2021,55.37,21.54
8/18/2021,55.47,21.78
8/17/2021,56.18,22.06
8/16/2021,55.98,22.07
8/13/2021,55.87,22.06
8/12/2021,55.64,21.93
8/11/2021,55.57,22.04
8/10/2021,55.48,21.98
8/9/2021,55.12,21.79
8/6/2021,55.22,21.88
8/5/2021,55.30,21.86
8/4/2021,55.37,21.79
8/3/2021,55.73,22.06
8/2/2021,55.76,22.00
7/30/2021,55.78,21.95
7/29/2021,55.98,22.14
7/28/2021,55.72,21.92
7/27/2021,56.20,22.07
7/26/2021,55.78,22.05
7/23/2021,55.88,22.03
7/22/2021,55.95,21.92
7/21/2021,55.95,21.83
7/20/2021,55.58,21.84
7/19/2021,55.84,21.75
7/16/2021,56.46,22.18
7/15/2021,56.55,22.25
7/14/2021,56.32,22.11
7/13/2021,56.09,22.12
7/12/2021,56.15,22.29
7/9/2021,56.07,22.26
7/8/2021,55.68,22.05
7/7/2021,56.53,22.64
7/6/2021,56.41,22.71
7/2/2021,56.44,22.87
7/1/2021,56.29,22.78
6/30/2021,56.03,22.52
6/29/2021,55.84,22.43
6/28/2021,56.18,22.52
6/25/2021,56.38,22.61
6/24/2021,56.37,22.53
6/23/2021,56.07,22.42
6/22/2021,56.37,22.52
6/21/2021,56.39,22.64
6/18/2021,55.82,22.42
6/17/2021,56.53,22.49
6/16/2021,56.64,22.74
6/15/2021,57.29,22.91
6/14/2021,57.18,22.76
6/11/2021,57.33,22.94
6/10/2021,57.34,22.83
6/9/2021,57.05,22.70
6/8/2021,57.15,22.68
6/7/2021,57.20,22.76
6/4/2021,57.30,22.90
6/3/2021,56.98,22.87
6/2/2021,56.65,23.17
6/1/2021,56.38,22.94
5/28/2021,56.49,23.03
5/27/2021,56.29,23.25
5/26/2021,56.36,23.12
5/25/2021,56.48,23.10
5/24/2021,56.98,23.28
5/21/2021,56.91,23.48
5/20/2021,56.79,23.19
5/19/2021,56.92,22.66
5/18/2021,57.18,23.12
5/17/2021,57.94,24.55
5/14/2021,58.69,25.23
5/13/2021,58.81,25.20
5/12/2021,58.41,25.02
5/11/2021,58.54,25.24
5/10/2021,59.52,25.53
5/7/2021,58.72,25.17
5/6/2021,59.29,25.36
5/5/2021,58.69,25.06
5/4/2021,58.60,25.06
5/3/2021,57.92,24.65
4/30/2021,57.79,24.58
4/29/2021,57.32,24.52
4/28/2021,56.43,24.23
4/27/2021,56.32,24.08
4/26/2021,56.94,24.19
4/23/2021,57.30,24.57
4/22/2021,57.28,24.54
4/21/2021,58.14,23.56
4/20/2021,58.39,23.39
4/19/2021,58.39,23.47
4/16/2021,58.28,23.44
4/15/2021,57.70,23.28
4/14/2021,57.70,23.26
4/13/2021,57.62,23.19
4/12/2021,57.54,23.44
4/9/2021,57.49,23.51
4/8/2021,57.60,23.48
4/7/2021,59.00,24.20
4/6/2021,59.11,24.24
4/5/2021,58.87,24.03
4/1/2021,58.30,23.84
3/31/2021,58.15,23.69
3/30/2021,58.59,24.05
3/29/2021,58.83,23.91
3/26/2021,58.18,23.72
3/25/2021,57.38,23.54
3/24/2021,57.01,23.47
3/23/2021,56.91,23.48
3/22/2021,56.59,23.47
3/19/2021,56.24,23.29
3/18/2021,56.31,23.48
3/17/2021,55.75,23.59
3/16/2021,55.64,23.47
3/15/2021,55.64,23.42
3/12/2021,55.63,23.33
3/11/2021,55.51,23.12
3/10/2021,57.08,23.47
3/9/2021,56.20,23.19
3/8/2021,56.79,23.47
3/5/2021,56.00,23.18
3/4/2021,54.80,22.63
3/3/2021,55.38,22.47
3/2/2021,54.98,22.08
3/1/2021,55.36,21.98
2/26/2021,55.30,21.82
2/25/2021,56.50,22.40
2/24/2021,57.12,22.99
2/23/2021,57.03,22.83
2/22/2021,56.45,22.94
2/19/2021,56.45,22.69
2/18/2021,56.98,22.87
2/17/2021,56.99,23.14
2/16/2021,54.15,22.67
2/12/2021,54.20,22.54
2/11/2021,54.60,22.45
2/10/2021,54.96,22.34
2/9/2021,55.00,22.40
2/8/2021,55.05,22.51
2/5/2021,55.32,22.64
2/4/2021,55.14,22.61
2/3/2021,54.79,22.31
2/2/2021,54.50,22.33
2/1/2021,54.28,22.42
1/29/2021,54.75,22.40
1/28/2021,55.37,22.54
1/27/2021,55.13,22.80
1/26/2021,56.57,23.28
1/25/2021,58.42,22.78
1/22/2021,57.47,22.64
1/21/2021,57.27,22.56
1/20/2021,57.26,22.66
1/19/2021,57.05,22.65
1/15/2021,57.38,22.83
1/14/2021,57.04,22.92
1/13/2021,57.06,22.39
1/12/2021,57.26,22.50
1/11/2021,57.46,22.59
1/8/2021,57.80,22.71
1/7/2021,58.53,23.41
1/6/2021,59.29,23.34
1/5/2021,58.58,22.90
1/4/2021,58.85,23.04
12/31/2020,58.75,22.51
12/30/2020,58.14,22.29
12/29/2020,58.81,22.33
12/28/2020,58.98,22.34
12/24/2020,58.84,22.45
12/23/2020,58.96,22.50
12/22/2020,58.99,22.22
12/21/2020,59.49,22.70
12/18/2020,60.46,23.01
12/17/2020,60.01,23.18
12/16/2020,59.91,23.70
12/15/2020,60.55,23.93
12/14/2020,59.98,23.91
12/11/2020,60.35,24.27
12/10/2020,60.51,24.02
12/9/2020,61.46,24.62
12/8/2020,61.45,24.11
12/7/2020,61.35,23.19
12/4/2020,61.55,23.12
12/3/2020,61.74,22.87
12/2/2020,61.36,22.76
12/1/2020,60.58,22.59
11/30/2020,60.41,22.50
11/27/2020,60.58,22.72
11/25/2020,60.41,22.69
11/24/2020,60.64,22.87
11/23/2020,60.23,22.40
11/20/2020,60.04,22.16
11/19/2020,60.21,22.13
11/18/2020,60.32,22.40
11/17/2020,60.75,22.72
11/16/2020,60.89,22.67
11/13/2020,61.06,22.62
11/12/2020,60.79,22.25
11/11/2020,61.00,22.48
11/10/2020,61.10,22.58
11/9/2020,59.84,22.15
11/6/2020,58.53,21.47
11/5/2020,58.15,21.53
11/4/2020,57.22,21.16
11/3/2020,57.75,21.49
11/2/2020,57.70,21.39
10/30/2020,56.99,21.14
10/29/2020,56.76,20.94
10/28/2020,56.31,20.74
10/27/2020,57.38,21.07
10/26/2020,57.81,21.43
10/23/2020,57.96,21.77
10/22/2020,57.33,22.13
10/21/2020,56.75,20.91
10/20/2020,57.25,20.94
10/19/2020,57.30,21.03
10/16/2020,58.05,21.39
10/15/2020,58.16,21.48
10/14/2020,58.43,21.51
10/13/2020,59.36,21.71
10/12/2020,59.55,22.01
10/9/2020,59.33,22.16
10/8/2020,59.19,22.39
10/7/2020,59.61,22.54
10/6/2020,59.46,22.47
10/5/2020,59.66,22.43
10/2/2020,59.24,22.44
10/1/2020,59.45,22.29
9/30/2020,59.49,22.31
9/29/2020,59.24,22.15
9/28/2020,59.36,22.21
9/25/2020,59.39,21.94
9/24/2020,59.19,21.94
9/23/2020,58.91,21.81
9/22/2020,59.82,22.31
9/21/2020,59.61,22.40
9/18/2020,60.35,22.64
9/17/2020,60.59,22.75
9/16/2020,60.37,22.88
9/15/2020,60.60,22.79
9/14/2020,60.32,22.80
9/11/2020,59.79,22.69
9/10/2020,59.53,22.62
9/9/2020,60.04,22.98
9/8/2020,59.96,23.09
9/4/2020,60.48,23.02
9/3/2020,60.61,23.15
9/2/2020,60.53,23.24
9/1/2020,59.16,23.06
8/31/2020,59.27,23.33
8/28/2020,59.26,23.51
8/27/2020,59.43,23.40
8/26/2020,59.46,23.47
8/25/2020,59.42,23.40
8/24/2020,59.57,23.50
8/21/2020,58.99,23.23
8/20/2020,58.96,23.22
8/19/2020,59.05,23.26
8/18/2020,59.18,23.31
8/17/2020,58.78,23.36
8/14/2020,58.79,23.48
8/13/2020,58.52,23.41
8/12/2020,58.60,23.62
8/11/2020,58.51,23.63
8/10/2020,58.99,23.63
8/7/2020,58.53,23.49
8/6/2020,57.83,23.35
8/5/2020,57.54,23.36
8/4/2020,57.91,23.48
8/3/2020,57.24,23.18
7/31/2020,57.48,23.15
7/30/2020,57.30,23.14
7/29/2020,57.45,23.13
7/28/2020,57.48,23.23
7/27/2020,56.87,22.92
7/24/2020,56.85,23.14
7/23/2020,55.85,23.40
7/22/2020,55.75,23.60
7/21/2020,55.84,23.67
7/20/2020,55.87,23.36
7/17/2020,56.30,23.67
7/16/2020,55.78,23.78
7/15/2020,55.06,23.48
7/14/2020,55.44,23.44
7/13/2020,54.45,23.29
7/10/2020,54.49,23.58
7/9/2020,53.94,23.12
7/8/2020,55.38,23.84
7/7/2020,55.04,23.73
7/6/2020,55.24,23.86
7/2/2020,54.79,23.54
7/1/2020,54.67,23.40
6/30/2020,55.13,23.66
6/29/2020,54.69,23.41
6/26/2020,53.16,22.76
6/25/2020,54.28,23.26
6/24/2020,53.93,23.02
6/23/2020,54.94,23.67
6/22/2020,55.66,23.56
6/19/2020,56.16,23.72
6/18/2020,56.89,23.75
6/17/2020,56.65,23.68
6/16/2020,56.92,24.09
6/15/2020,56.15,23.87
6/12/2020,56.53,23.87
6/11/2020,56.45,23.61
6/10/2020,58.05,25.15
6/9/2020,57.86,25.53
6/8/2020,58.09,26.00
6/5/2020,57.74,25.64
6/4/2020,57.22,24.88
6/3/2020,56.83,24.66
6/2/2020,56.40,24.25
6/1/2020,55.78,24.20
5/29/2020,57.38,24.15
5/28/2020,55.72,24.31
5/27/2020,55.14,24.92
5/26/2020,54.30,24.12
5/22/2020,54.10,23.38
5/21/2020,53.97,23.30
5/20/2020,54.26,23.15
5/19/2020,54.38,22.66
5/18/2020,55.72,23.05
5/15/2020,54.71,22.15
5/14/2020,54.91,22.36
5/13/2020,54.85,21.98
5/12/2020,55.46,22.61
5/11/2020,56.40,22.99
5/8/2020,57.00,23.31
5/7/2020,55.58,22.61
5/6/2020,55.64,22.53
5/5/2020,56.51,23.27
5/4/2020,56.24,23.16
5/1/2020,56.83,23.40
4/30/2020,57.45,23.84
4/29/2020,58.12,24.59
4/28/2020,57.83,23.98
4/27/2020,57.81,23.90
4/24/2020,57.93,23.25
4/23/2020,57.59,23.08
4/22/2020,57.99,23.06
4/21/2020,56.82,23.37
4/20/2020,58.13,24.24
4/17/2020,58.46,24.44
4/16/2020,57.66,23.60
4/15/2020,56.93,23.55
4/14/2020,58.14,24.36
4/13/2020,56.67,23.62
4/9/2020,57.44,24.05
4/8/2020,57.80,23.39
4/7/2020,56.98,23.54
4/6/2020,56.70,23.04
4/3/2020,54.70,21.49
4/2/2020,55.25,22.51
4/1/2020,52.92,21.95
3/31/2020,53.73,22.81
3/30/2020,54.77,23.66
3/27/2020,52.77,23.35
3/26/2020,53.54,23.95
3/25/2020,49.94,22.22
3/24/2020,49.99,21.98
3/23/2020,50.31,20.95
3/20/2020,51.80,22.26
3/19/2020,53.62,24.38
3/18/2020,54.32,25.71
3/17/2020,54.31,26.40
3/16/2020,50.99,24.89
3/13/2020,54.17,26.97
3/12/2020,51.20,24.52
3/11/2020,54.83,27.01
3/10/2020,56.52,28.05
3/9/2020,55.83,27.15
3/6/2020,56.87,28.98
3/5/2020,57.16,29.09
3/4/2020,58.12,29.88
3/3/2020,55.70,28.41
3/2/2020,57.32,29.09
2/28/2020,54.16,27.56
2/27/2020,55.06,27.96
2/26/2020,57.14,29.03
2/25/2020,57.12,29.23
2/24/2020,57.99,29.77
2/21/2020,58.20,30.17
2/20/2020,58.09,30.21
2/19/2020,58.22,30.08
2/18/2020,57.91,29.94
2/14/2020,58.51,29.93
2/13/2020,58.65,29.98
2/12/2020,58.23,29.77
2/11/2020,58.69,29.87
2/10/2020,60.24,30.00
2/7/2020,59.94,30.09
2/6/2020,59.44,30.08
2/5/2020,59.13,29.59
2/4/2020,58.29,29.45
2/3/2020,58.05,28.92
1/31/2020,59.44,29.44
1/30/2020,59.36,29.29
1/29/2020,59.53,28.99
1/28/2020,60.70,30.19
1/27/2020,59.91,29.93
1/24/2020,60.28,30.13
1/23/2020,60.51,30.23
1/22/2020,60.48,30.55
1/21/2020,60.32,30.14
1/17/2020,60.13,30.03
1/16/2020,59.67,29.76
1/15/2020,59.10,29.63
1/14/2020,59.04,29.81
1/13/2020,59.15,29.81
1/10/2020,58.99,30.18
1/9/2020,58.85,30.36
1/8/2020,59.71,30.81
1/7/2020,59.60,30.71
1/6/2020,60.27,30.60
1/3/2020,60.40,30.57
1/2/2020,61.05,30.41
12/31/2019,61.40,30.58
12/30/2019,61.21,30.55
12/27/2019,61.53,30.71
12/26/2019,61.29,30.64
12/24/2019,61.28,30.49
12/23/2019,61.40,30.57
12/20/2019,62.07,30.64
12/19/2019,60.80,30.46
12/18/2019,60.86,30.31
12/17/2019,61.49,30.13
12/16/2019,61.23,30.20
12/13/2019,60.81,29.94
12/12/2019,61.17,30.01
12/11/2019,61.08,29.87
12/10/2019,61.23,29.78
12/9/2019,61.01,29.77
12/6/2019,61.19,29.89
12/5/2019,60.82,29.88
12/4/2019,60.53,29.81
12/3/2019,60.14,29.38
12/2/2019,59.96,29.20
11/29/2019,60.24,29.25
11/27/2019,60.10,29.47
11/26/2019,59.89,29.27
11/25/2019,59.38,29.16
11/22/2019,59.75,29.54
11/21/2019,59.61,29.42
11/20/2019,59.48,29.09
11/19/2019,59.50,29.74
11/18/2019,59.44,31.01
11/15/2019,59.51,30.91
11/14/2019,59.34,30.48
11/13/2019,59.41,30.64
11/12/2019,59.32,30.65
11/11/2019,59.61,30.81
11/8/2019,59.35,30.82
11/7/2019,60.53,30.85
11/6/2019,60.13,30.71
11/5/2019,59.50,30.65
11/4/2019,59.87,30.43
11/1/2019,60.37,30.48
10/31/2019,60.47,30.12
10/30/2019,60.82,29.89
10/29/2019,60.19,29.78
10/28/2019,60.18,30.12
10/25/2019,60.37,28.88
10/24/2019,60.58,28.81
10/23/2019,60.88,29.53
10/22/2019,60.77,29.87
10/21/2019,60.75,29.92
10/18/2019,61.05,30.10
10/17/2019,60.41,29.59
10/16/2019,60.29,29.57
10/15/2019,60.55,29.66
10/14/2019,59.60,29.32
10/11/2019,59.93,29.41
10/10/2019,59.83,29.28
10/9/2019,59.22,28.99
10/8/2019,59.72,29.33
10/7/2019,60.25,29.47
10/4/2019,59.90,29.35
10/3/2019,59.01,29.10
10/2/2019,58.91,29.02
10/1/2019,59.85,29.27
9/30/2019,60.36,29.61
9/27/2019,60.30,29.29
9/26/2019,60.44,29.25
9/25/2019,60.27,29.25
9/24/2019,60.51,29.25
9/23/2019,60.21,29.42
9/20/2019,60.29,29.67
9/19/2019,59.98,29.07
9/18/2019,59.93,28.77
9/17/2019,59.87,29.08
9/16/2019,59.50,29.20
9/13/2019,59.96,29.67
9/12/2019,60.43,30.03
9/11/2019,60.13,30.31
9/10/2019,59.71,29.41
9/9/2019,58.66,28.79
9/6/2019,59.06,28.37
9/5/2019,58.59,28.08
9/4/2019,58.18,27.95
9/3/2019,58.04,27.69
8/30/2019,58.16,27.59
8/29/2019,57.94,27.51
8/28/2019,57.95,27.36
8/27/2019,57.18,27.17
8/26/2019,56.71,27.33
8/23/2019,55.92,27.25
8/22/2019,56.78,27.69
8/21/2019,56.59,27.51
8/20/2019,56.27,27.37
8/19/2019,57.00,27.69
8/16/2019,56.65,27.36
8/15/2019,56.30,26.87
8/14/2019,55.72,26.68
8/13/2019,56.37,27.28
8/12/2019,55.69,26.98
8/9/2019,55.78,27.03
8/8/2019,55.82,27.03
8/7/2019,55.09,26.65
8/6/2019,55.05,26.57
8/5/2019,55.22,26.21
8/2/2019,55.59,26.74
8/1/2019,55.26,26.70
7/31/2019,55.27,26.64
7/30/2019,56.63,26.75
7/29/2019,57.37,26.87
7/26/2019,57.08,26.72
7/25/2019,56.36,26.46
7/24/2019,55.97,26.01
7/23/2019,55.48,25.11
7/22/2019,55.50,25.14
7/19/2019,56.59,25.66
7/18/2019,57.21,25.89
7/17/2019,57.22,26.03
7/16/2019,57.41,26.28
7/15/2019,57.58,26.38
7/12/2019,57.19,26.33
7/11/2019,56.92,26.18
7/10/2019,57.00,26.42
7/9/2019,56.41,26.25
7/8/2019,57.89,26.80
7/5/2019,58.31,26.84
7/3/2019,58.13,26.59
7/2/2019,58.13,26.48
7/1/2019,56.66,26.16
6/28/2019,57.13,26.22
6/27/2019,57.25,25.81
6/26/2019,56.99,25.46
6/25/2019,58.00,25.47
6/24/2019,58.27,25.49
6/21/2019,57.77,25.39
6/20/2019,57.34,25.46
6/19/2019,57.63,25.36
6/18/2019,57.33,25.38
6/17/2019,57.63,25.28
6/14/2019,58.28,25.31
6/13/2019,57.62,25.27
6/12/2019,57.36,25.18
6/11/2019,56.83,25.13
6/10/2019,56.15,24.99
6/7/2019,57.24,25.42
6/6/2019,57.54,25.12
6/5/2019,57.03,24.79
6/4/2019,56.22,24.63
6/3/2019,56.38,24.33
5/31/2019,54.35,23.93
5/30/2019,56.83,24.93
5/29/2019,58.18,24.97
5/28/2019,58.73,24.99
5/24/2019,59.32,25.25
5/23/2019,58.87,25.15
5/22/2019,59.25,25.26
5/21/2019,59.50,25.36
5/20/2019,59.01,25.19
5/17/2019,58.09,24.88
5/16/2019,57.38,24.74
5/15/2019,56.81,24.45
5/14/2019,56.55,24.33
5/13/2019,56.75,23.84
5/10/2019,56.91,23.96
5/9/2019,56.48,23.77
5/8/2019,56.38,23.71
5/7/2019,56.63,23.89
5/6/2019,56.91,23.94
5/3/2019,57.24,24.02
5/2/2019,56.99,23.96
5/1/2019,56.52,24.09
4/30/2019,57.19,24.23
4/29/2019,56.84,24.16
4/26/2019,56.58,24.01
4/25/2019,55.85,23.74
4/24/2019,57.08,24.09
4/23/2019,57.15,25.12
4/22/2019,58.37,25.10
4/18/2019,58.04,25.06
4/17/2019,57.78,25.00
4/16/2019,58.79,25.24
4/15/2019,58.71,25.06
4/12/2019,58.74,25.20
4/11/2019,58.56,25.20
4/10/2019,58.61,24.95
4/9/2019,58.40,24.85
4/8/2019,59.13,25.35
4/5/2019,59.09,25.31
4/4/2019,58.99,25.02
4/3/2019,58.87,24.94
4/2/2019,58.53,24.75
4/1/2019,59.09,25.00
3/29/2019,59.13,24.54
3/28/2019,59.08,24.27
3/27/2019,60.88,24.57
3/26/2019,60.63,24.56
3/25/2019,60.08,24.08
3/22/2019,59.76,24.31
3/21/2019,58.29,24.31
3/20/2019,57.67,23.87
3/19/2019,57.50,24.01
3/18/2019,58.07,24.10
3/15/2019,58.39,24.00
3/14/2019,57.95,23.69
3/13/2019,57.66,23.69
3/12/2019,57.43,23.97
3/11/2019,57.58,23.65
3/8/2019,56.53,23.44
3/7/2019,56.30,23.41
3/6/2019,55.68,23.33
3/5/2019,56.08,23.44
3/4/2019,56.24,23.46
3/1/2019,56.96,24.12
2/28/2019,56.92,24.35
2/27/2019,56.72,24.31
2/26/2019,56.64,24.43
2/25/2019,56.78,24.36
2/22/2019,56.92,24.38
2/21/2019,56.15,24.13
2/20/2019,55.76,24.14
2/19/2019,55.44,23.97
2/15/2019,55.16,23.84
2/14/2019,54.03,23.31
2/13/2019,54.48,23.35
2/12/2019,54.42,23.33
2/11/2019,54.05,23.25
2/8/2019,53.95,23.12
2/7/2019,53.57,23.05
2/6/2019,53.79,23.13
2/5/2019,54.14,23.19
2/4/2019,54.04,23.17
2/1/2019,54.55,23.48
1/31/2019,55.06,23.52
1/30/2019,54.00,22.98
1/29/2019,53.28,24.02
1/28/2019,55.07,24.00
1/25/2019,56.40,23.99
1/24/2019,57.07,23.95
1/23/2019,57.76,24.17
1/22/2019,56.99,23.93
1/18/2019,57.09,24.23
1/17/2019,56.83,23.98
1/16/2019,57.08,23.91
1/15/2019,58.10,23.95
1/14/2019,58.03,23.96
1/11/2019,58.02,24.16
1/10/2019,57.60,23.79
1/9/2019,57.05,23.55
1/8/2019,58.38,24.48
1/7/2019,56.72,24.17
1/4/2019,56.36,23.74
1/3/2019,56.22,23.15
1/2/2019,56.02,23.12
12/31/2018,56.22,22.33
12/28/2018,55.27,22.27
12/27/2018,55.15,22.03
12/26/2018,54.44,21.97
12/24/2018,53.05,21.41
12/21/2018,54.92,22.15
12/20/2018,55.07,22.42
12/19/2018,55.86,23.33
12/18/2018,55.65,23.28
12/17/2018,55.95,23.37
12/14/2018,57.08,23.65
12/13/2018,57.09,23.41
12/12/2018,57.25,23.60
12/11/2018,58.85,23.24
12/10/2018,58.27,23.41
12/7/2018,57.68,23.59
12/6/2018,58.08,23.89
12/4/2018,58.09,24.05
12/3/2018,58.16,24.81
11/30/2018,60.30,24.45
11/29/2018,59.45,23.92
11/28/2018,60.06,24.05
11/27/2018,60.65,23.82
11/26/2018,59.17,23.44
11/23/2018,58.64,22.97
11/21/2018,59.16,23.30
11/20/2018,59.46,23.02
11/19/2018,60.62,23.75
11/16/2018,60.21,23.70
11/15/2018,59.08,23.57
11/14/2018,58.94,23.87
11/13/2018,58.66,23.73
11/12/2018,58.72,24.09
11/9/2018,58.46,24.02
11/8/2018,58.27,24.29
11/7/2018,57.65,24.34
11/6/2018,57.21,24.23
11/5/2018,57.21,23.97
11/2/2018,56.63,23.88
11/1/2018,56.05,23.86
10/31/2018,57.09,24.01
10/30/2018,58.18,23.84
10/29/2018,56.48,23.19
10/26/2018,55.51,22.76
10/25/2018,56.43,23.46
10/24/2018,57.42,23.76
10/23/2018,57.21,25.84
10/22/2018,54.98,25.56
10/19/2018,54.90,25.72
10/18/2018,54.65,25.43
10/17/2018,53.96,25.49
10/16/2018,53.70,25.35
10/15/2018,53.60,25.32
10/12/2018,53.73,25.24
10/11/2018,53.33,24.85
10/10/2018,54.33,25.71
10/9/2018,54.99,26.21
10/8/2018,55.02,26.69
10/5/2018,54.94,26.60
10/4/2018,55.02,26.70
10/3/2018,54.29,26.54
10/2/2018,54.42,26.54
10/1/2018,53.84,26.21
9/28/2018,53.39,26.28
9/27/2018,53.59,26.15
9/26/2018,53.14,26.10
9/25/2018,53.05,26.42
9/24/2018,53.54,26.54
9/21/2018,54.42,26.43
9/20/2018,53.95,26.17
9/19/2018,53.50,26.11
9/18/2018,54.39,26.39
9/17/2018,54.70,26.31
9/14/2018,54.55,26.29
9/13/2018,54.94,26.36
9/12/2018,54.97,26.15
9/11/2018,54.72,25.56
9/10/2018,54.12,25.35
9/7/2018,54.00,25.13
9/6/2018,54.29,25.18
9/5/2018,53.82,25.06
9/4/2018,53.19,24.93
8/31/2018,54.37,24.99
8/30/2018,54.75,25.01
8/29/2018,54.57,25.22
8/28/2018,54.65,25.56
8/27/2018,54.85,25.69
8/24/2018,54.78,25.54
8/23/2018,54.28,25.42
8/22/2018,54.14,25.57
8/21/2018,54.91,26.14
8/20/2018,54.65,25.91
8/17/2018,54.79,25.85
8/16/2018,54.27,25.89
8/15/2018,53.24,25.41
8/14/2018,52.87,25.23
8/13/2018,52.22,25.20
8/10/2018,52.47,25.24
8/9/2018,53.01,25.42
8/8/2018,52.70,25.32
8/7/2018,52.46,25.35
8/6/2018,52.48,25.13
8/3/2018,52.27,25.25
8/2/2018,51.98,24.92
8/1/2018,51.73,24.96
7/31/2018,51.64,25.02
7/30/2018,52.49,25.04
7/27/2018,52.01,24.32
7/26/2018,51.18,23.75
7/25/2018,50.91,23.67
7/24/2018,51.51,24.79
7/23/2018,50.75,24.26
7/20/2018,50.62,24.34
7/19/2018,50.75,24.47
7/18/2018,51.14,24.81
7/17/2018,51.43,24.85
7/16/2018,51.59,24.96
7/13/2018,51.41,24.78
7/12/2018,51.24,25.22
7/11/2018,51.34,24.94
7/10/2018,51.34,25.43
7/9/2018,50.74,25.16
7/6/2018,51.48,25.57
7/5/2018,51.28,25.51
7/3/2018,50.70,25.60
7/2/2018,50.42,25.20
6/29/2018,50.31,25.13
6/28/2018,50.86,25.19
6/27/2018,49.31,24.77
6/26/2018,49.30,24.74
6/25/2018,49.60,24.81
6/22/2018,49.76,24.80
6/21/2018,48.63,24.73
6/20/2018,48.09,25.04
6/19/2018,48.50,25.35
6/18/2018,47.46,25.19
6/15/2018,48.06,25.94
6/14/2018,47.82,25.45
6/13/2018,47.40,25.21
6/12/2018,48.81,26.88
6/11/2018,49.30,26.75
6/8/2018,49.18,26.47
6/7/2018,49.01,26.46
6/6/2018,48.41,26.12
6/5/2018,47.97,25.57
6/4/2018,47.82,25.36
6/1/2018,47.81,25.41
5/31/2018,47.67,25.29
5/30/2018,48.60,25.49
5/29/2018,48.20,25.30
5/25/2018,48.52,25.44
5/24/2018,48.64,25.65
5/23/2018,48.59,25.30
5/22/2018,48.81,25.38
5/21/2018,48.43,25.50
5/18/2018,47.74,25.08
5/17/2018,47.85,24.99
5/16/2018,47.86,25.28
5/15/2018,47.79,25.11
5/14/2018,48.49,25.19
5/11/2018,48.62,25.27
5/10/2018,47.20,24.95
5/9/2018,46.38,24.57
5/8/2018,47.02,24.81
5/7/2018,47.73,25.07
5/4/2018,48.19,25.15
5/3/2018,47.84,24.99
5/2/2018,47.75,25.09
5/1/2018,48.82,25.46
4/30/2018,49.35,25.59
4/27/2018,51.57,25.85
4/26/2018,49.76,25.90
4/25/2018,50.10,27.54
4/24/2018,49.67,27.39
4/23/2018,48.66,27.30
4/20/2018,47.90,27.13
4/19/2018,48.43,27.25
4/18/2018,48.62,27.55
4/17/2018,48.85,27.67
4/16/2018,48.39,27.89
4/13/2018,47.66,27.50
4/12/2018,47.74,27.51
4/11/2018,47.58,27.58
4/10/2018,48.27,28.02
4/9/2018,46.92,27.52
4/6/2018,47.48,27.88
4/5/2018,48.24,28.28
4/4/2018,47.93,28.08
4/3/2018,47.50,27.68
4/2/2018,47.16,27.47
3/29/2018,47.82,27.90
3/28/2018,48.00,27.83
3/27/2018,47.31,27.31
3/26/2018,47.07,27.15
3/23/2018,46.29,27.15
3/22/2018,46.88,27.68
3/21/2018,47.28,28.17
3/20/2018,47.69,28.44
3/19/2018,48.31,28.62
3/16/2018,48.56,28.95
3/15/2018,48.29,28.98
3/14/2018,48.45,28.98
3/13/2018,48.65,29.26
3/12/2018,48.80,29.23
3/9/2018,49.01,28.99
3/8/2018,49.01,29.04
3/7/2018,48.84,28.88
3/6/2018,48.89,28.85
3/5/2018,48.71,28.72
3/2/2018,48.26,28.44
3/1/2018,47.96,28.17
2/28/2018,47.74,28.41
2/27/2018,48.04,28.85
2/26/2018,49.09,29.31
2/23/2018,48.29,28.73
2/22/2018,47.87,28.54
2/21/2018,47.96,28.41
2/20/2018,48.92,28.77
2/16/2018,50.15,29.06
2/15/2018,49.74,28.95
2/14/2018,49.51,28.49
2/13/2018,50.08,28.64
2/12/2018,50.11,28.46
2/9/2018,49.88,28.21
2/8/2018,49.04,27.83
2/7/2018,51.01,28.90
2/6/2018,50.83,28.82
2/5/2018,50.50,28.66
2/2/2018,52.98,29.79
2/1/2018,54.30,30.64
1/31/2018,54.07,29.31
1/30/2018,53.90,29.30
1/29/2018,54.13,29.16
1/26/2018,54.72,29.59
1/25/2018,54.29,29.31
1/24/2018,54.22,28.97
1/23/2018,53.23,29.10
1/22/2018,53.46,29.63
1/19/2018,51.91,29.12
1/18/2018,51.55,29.07
1/17/2018,51.72,28.84
1/16/2018,51.66,28.73
1/12/2018,51.86,28.87
1/11/2018,52.11,28.55
1/10/2018,51.69,28.66
1/9/2018,51.61,29.34
1/8/2018,52.39,29.93
1/5/2018,52.48,29.85
1/4/2018,52.60,29.74
1/3/2018,52.43,29.46
1/2/2018,53.53,30.16
12/29/2017,52.93,30.42
12/28/2017,53.43,30.66
12/27/2017,53.28,30.43
12/26/2017,53.22,30.57
12/22/2017,53.19,30.47
12/21/2017,53.01,30.42
12/20/2017,52.77,30.17
12/19/2017,52.83,29.77
12/18/2017,53.25,30.10
12/15/2017,52.67,29.92
12/14/2017,52.34,29.53
12/13/2017,52.89,29.77
12/12/2017,53.19,29.81
12/11/2017,51.84,28.87
12/8/2017,51.09,28.74
12/7/2017,50.42,28.30
12/6/2017,50.68,28.26
12/5/2017,50.92,28.60
12/4/2017,51.72,29.16
12/1/2017,51.25,28.56
11/30/2017,50.89,28.47
11/29/2017,49.90,28.55
11/28/2017,48.82,27.72
11/27/2017,47.66,27.14
11/24/2017,47.01,27.24
11/22/2017,47.10,27.29
11/21/2017,46.18,26.86
11/20/2017,46.20,27.11
11/17/2017,45.42,27.00
11/16/2017,44.77,27.01
11/15/2017,44.11,26.46
11/14/2017,44.22,26.39
11/13/2017,44.75,26.74
11/10/2017,44.88,26.78
11/9/2017,45.07,26.61
11/8/2017,45.46,26.17
11/7/2017,45.57,25.88
11/6/2017,45.53,25.71
11/3/2017,47.42,26.06
11/2/2017,47.46,25.96
11/1/2017,47.83,26.25
10/31/2017,47.87,26.33
10/30/2017,47.83,26.25
10/27/2017,48.87,26.58
10/26/2017,48.89,26.36
10/25/2017,48.64,26.21
10/24/2017,48.94,27.28
10/23/2017,48.99,27.58
10/20/2017,49.53,27.81
10/19/2017,49.21,27.93
10/18/2017,48.65,27.94
10/17/2017,48.40,28.35
10/16/2017,48.09,28.30
10/13/2017,47.86,27.94
10/12/2017,48.35,28.06
10/11/2017,48.86,29.88
10/10/2017,49.14,30.13
10/9/2017,49.05,29.97
10/6/2017,48.81,30.20
10/5/2017,49.77,30.92
10/4/2017,49.90,30.91
10/3/2017,49.85,30.89
10/2/2017,49.36,30.60
9/29/2017,49.49,30.65
9/28/2017,49.41,30.55
9/27/2017,49.51,30.34
9/26/2017,49.51,30.30
9/25/2017,49.90,30.61
9/22/2017,49.90,30.20
9/21/2017,48.94,29.91
9/20/2017,49.48,30.07
9/19/2017,49.34,29.90
9/18/2017,48.09,29.28
9/15/2017,47.86,29.03
9/14/2017,47.18,28.42
9/13/2017,47.25,28.60
9/12/2017,46.79,28.37
9/11/2017,46.30,27.97
9/8/2017,46.11,27.85
9/7/2017,46.20,27.86
9/6/2017,46.91,28.62
9/5/2017,47.36,29.02
9/1/2017,47.92,29.33
8/31/2017,47.97,29.31
8/30/2017,48.12,29.48
8/29/2017,48.51,29.62
8/28/2017,48.61,29.69
8/25/2017,48.68,29.73
8/24/2017,48.31,29.49
8/23/2017,48.28,29.67
8/22/2017,48.35,29.72
8/21/2017,48.14,29.41
8/18/2017,47.69,29.24
8/17/2017,47.89,29.42
8/16/2017,48.41,29.92
8/15/2017,48.48,29.86
8/14/2017,48.78,30.13
8/11/2017,48.06,29.81
8/10/2017,48.02,29.88
8/9/2017,48.22,30.02
8/8/2017,48.60,30.02
8/7/2017,48.86,30.14
8/4/2017,48.91,30.07
8/3/2017,48.61,29.95
8/2/2017,48.21,29.95
8/1/2017,48.89,30.42
7/31/2017,48.40,30.52
7/28/2017,47.94,30.52
7/27/2017,47.81,30.84
7/26/2017,44.40,29.76
7/25/2017,43.98,28.34
7/24/2017,43.71,28.35
7/21/2017,44.23,28.57
7/20/2017,44.22,28.58
7/19/2017,43.45,28.27
7/18/2017,43.36,28.16
7/17/2017,43.66,28.48
7/14/2017,43.56,28.41
7/13/2017,43.49,28.34
7/12/2017,43.22,28.82
7/11/2017,42.89,28.64
7/10/2017,43.20,28.82
7/7/2017,43.48,28.94
7/6/2017,43.52,29.09
7/5/2017,44.65,29.83
7/3/2017,45.00,29.82
6/30/2017,44.66,29.52
6/29/2017,44.41,29.44
6/28/2017,44.84,29.69
6/27/2017,44.84,29.50
6/26/2017,45.75,29.85
6/23/2017,45.39,29.70
6/22/2017,45.42,29.81
6/21/2017,45.41,29.85
6/20/2017,45.94,30.25
6/19/2017,46.57,30.45
6/16/2017,46.63,30.49
6/15/2017,46.64,30.39
6/14/2017,46.69,30.30
6/13/2017,46.46,30.27
6/12/2017,47.19,30.57
6/9/2017,46.72,30.35
6/8/2017,46.19,30.13
6/7/2017,46.50,30.33
6/6/2017,46.44,30.31
6/5/2017,46.37,30.37
6/2/2017,46.44,30.42
6/1/2017,46.51,30.42
5/31/2017,46.64,30.15
5/30/2017,46.20,30.17
5/26/2017,45.32,29.83
5/25/2017,45.31,29.92
5/24/2017,45.04,29.85
5/23/2017,45.48,29.98
5/22/2017,45.48,29.93
5/19/2017,45.42,29.92
5/18/2017,45.04,29.70
5/17/2017,44.48,29.31
5/16/2017,45.31,29.88
5/15/2017,45.38,30.20
5/12/2017,45.84,30.12
5/11/2017,46.02,30.08
5/10/2017,46.38,30.09
5/9/2017,46.42,29.91
5/8/2017,46.63,30.18
5/5/2017,46.69,30.17
5/4/2017,45.88,29.74
5/3/2017,46.15,30.05
5/2/2017,45.91,30.48
5/1/2017,45.88,30.60
4/28/2017,45.91,31.01
4/27/2017,46.67,31.23
4/26/2017,47.36,31.65
4/25/2017,46.70,31.25
4/24/2017,47.05,31.32
4/21/2017,47.25,31.25
4/20/2017,48.41,31.58
4/19/2017,48.94,31.50
4/18/2017,49.22,31.50
4/17/2017,48.81,31.54
4/13/2017,48.62,31.52
4/12/2017,48.92,31.74
4/11/2017,48.70,31.54
4/10/2017,48.54,31.60
4/7/2017,48.66,31.76
4/6/2017,48.43,31.77
4/5/2017,49.02,32.48
4/4/2017,49.31,32.62
4/3/2017,49.18,32.53
3/31/2017,48.75,32.51
3/30/2017,49.06,32.68
3/29/2017,49.13,32.44
3/28/2017,49.30,32.52
3/27/2017,49.14,32.47
3/24/2017,49.68,32.62
3/23/2017,49.64,32.59
3/22/2017,49.71,32.59
3/21/2017,50.16,32.93
3/20/2017,50.24,33.19
3/17/2017,50.39,33.34
3/16/2017,50.04,33.21
3/15/2017,50.14,33.33
3/14/2017,49.36,32.94
3/13/2017,49.47,33.16
3/10/2017,49.35,33.14
3/9/2017,49.28,32.82
3/8/2017,49.16,32.69
3/7/2017,49.44,32.77
3/6/2017,50.03,32.83
3/3/2017,50.09,32.87
3/2/2017,49.98,32.92
3/1/2017,49.81,32.90
2/28/2017,49.63,32.70
2/27/2017,49.94,32.72
2/24/2017,50.60,33.15
2/23/2017,50.31,32.83
2/22/2017,49.67,32.54
2/21/2017,49.43,32.65
2/17/2017,49.19,32.46
2/16/2017,48.46,32.28
2/15/2017,48.08,32.18
2/14/2017,48.27,31.89
2/13/2017,48.55,31.81
2/10/2017,48.98,32.38
2/9/2017,48.81,32.33
2/8/2017,48.37,32.25
2/7/2017,48.04,32.18
2/6/2017,48.03,32.13
2/3/2017,48.58,32.28
2/2/2017,48.28,32.22
2/1/2017,48.39,32.91
1/31/2017,49.01,32.99
1/30/2017,49.37,32.72
1/27/2017,49.60,32.87
1/26/2017,49.12,32.69
1/25/2017,49.77,32.39
1/24/2017,50.12,32.37
1/23/2017,52.41,32.87
1/20/2017,52.72,32.44
1/19/2017,52.36,32.08
1/18/2017,52.25,31.93
1/17/2017,52.74,32.17
1/13/2017,52.55,32.05
1/12/2017,52.68,32.09
1/11/2017,52.46,31.78
1/10/2017,52.76,31.93
1/9/2017,52.68,31.93
1/6/2017,53.26,32.33
1/5/2017,54.64,33.37
1/4/2017,54.52,33.47
1/3/2017,54.58,33.66
12/30/2016,53.38,33.28
12/29/2016,53.74,33.38
12/28/2016,53.44,33.27
12/27/2016,53.64,33.37
12/23/2016,53.68,33.44
12/22/2016,53.65,33.43
12/21/2016,52.97,33.15
12/20/2016,53.12,33.23
12/19/2016,52.91,32.96
12/16/2016,52.27,32.61
12/15/2016,51.81,32.47
12/14/2016,51.63,32.16
12/13/2016,52.36,32.37
12/12/2016,51.76,32.18
12/9/2016,51.49,31.60
12/8/2016,51.13,31.62
12/7/2016,51.38,31.65
12/6/2016,50.36,30.79
12/5/2016,49.75,30.23
12/2/2016,49.81,30.21
12/1/2016,49.87,30.42
11/30/2016,49.90,30.23
11/29/2016,50.96,30.89
11/28/2016,51.12,30.94
11/25/2016,50.67,30.68
11/23/2016,50.23,30.31
11/22/2016,49.49,30.17
11/21/2016,48.31,29.53
11/18/2016,48.07,29.39
11/17/2016,47.84,29.27
11/16/2016,47.93,29.07
11/15/2016,47.37,28.77
11/14/2016,46.18,28.27
11/11/2016,46.69,28.57
11/10/2016,46.69,28.62
11/9/2016,47.86,29.30
11/8/2016,47.65,28.95
11/7/2016,47.46,28.80
11/4/2016,47.08,28.56
11/3/2016,46.87,28.66
11/2/2016,46.94,28.46
11/1/2016,47.66,28.61
10/31/2016,48.10,28.79
10/28/2016,48.21,28.57
10/27/2016,48.54,28.58
10/26/2016,47.63,28.51
10/25/2016,47.84,28.72
10/24/2016,48.21,28.84
10/21/2016,48.20,29.34
10/20/2016,49.14,30.24
10/19/2016,50.38,30.82
10/18/2016,50.27,30.80
10/17/2016,50.43,30.73
10/14/2016,50.28,30.69
10/13/2016,50.29,30.81
10/12/2016,50.30,30.78
10/11/2016,49.90,30.60
10/10/2016,50.19,30.53
10/7/2016,49.92,30.42
10/6/2016,50.26,30.60
10/5/2016,50.27,30.64
10/4/2016,51.26,31.22
10/3/2016,51.88,31.90
9/30/2016,51.98,31.78
9/29/2016,52.12,31.87
9/28/2016,52.06,31.97
9/27/2016,52.49,32.44
9/26/2016,52.15,32.19
9/23/2016,52.56,32.30
9/22/2016,52.35,32.17
9/21/2016,51.87,31.75
9/20/2016,51.27,31.27
9/19/2016,51.20,31.35
9/16/2016,51.88,31.46
9/15/2016,51.98,31.65
9/14/2016,51.49,31.21
9/13/2016,51.45,31.28
9/12/2016,52.57,31.86
9/9/2016,51.82,31.07
9/8/2016,53.60,32.23
9/7/2016,53.71,32.29
9/6/2016,53.51,32.26
9/2/2016,52.88,32.04
9/1/2016,52.56,32.05
8/31/2016,52.33,31.99
8/30/2016,52.27,32.00
8/29/2016,52.50,32.08
8/26/2016,52.07,31.83
8/25/2016,52.75,32.14
8/24/2016,52.53,31.98
8/23/2016,52.63,31.97
8/22/2016,52.55,32.01
8/19/2016,52.45,32.09
8/18/2016,52.87,32.40
8/17/2016,53.17,32.76
8/16/2016,52.76,32.83
8/15/2016,53.61,33.66
8/12/2016,53.65,33.87
8/11/2016,53.86,33.95
8/10/2016,53.81,33.80
8/9/2016,53.66,33.71
8/8/2016,53.59,33.59
8/5/2016,53.64,33.77
8/4/2016,53.93,33.71
8/3/2016,53.90,33.76
8/2/2016,54.00,33.77
8/1/2016,54.50,33.79
7/29/2016,55.41,33.88
7/28/2016,54.86,33.32
7/27/2016,55.32,33.46
7/26/2016,54.81,33.16
7/25/2016,55.87,33.60
7/22/2016,56.10,33.73
7/21/2016,55.37,33.27
7/20/2016,55.62,33.42
7/19/2016,55.70,33.47
7/18/2016,55.93,33.53
7/15/2016,55.84,33.56
7/14/2016,55.84,33.47
7/13/2016,56.00,33.33
7/12/2016,55.47,33.19
7/11/2016,55.93,33.26
7/8/2016,55.90,33.34
7/7/2016,55.38,33.10
7/6/2016,56.26,33.73
7/5/2016,56.53,33.92
7/1/2016,56.23,34.02
6/30/2016,55.84,33.81
6/29/2016,55.06,33.29
6/28/2016,54.82,32.88
6/27/2016,54.74,32.89
6/24/2016,54.43,32.49
6/23/2016,54.67,32.77
6/22/2016,54.03,32.32
6/21/2016,54.10,32.14
6/20/2016,53.76,31.91
6/17/2016,53.78,31.87
6/16/2016,53.46,31.68
6/15/2016,52.84,31.53
6/14/2016,52.99,31.60
6/13/2016,52.57,31.45
6/10/2016,52.67,31.56
6/9/2016,51.95,31.37
6/8/2016,51.52,31.19
6/7/2016,51.75,31.14
6/6/2016,50.71,30.78
6/3/2016,50.92,30.68
6/2/2016,50.77,30.39
6/1/2016,50.43,30.31
5/31/2016,50.90,30.64
5/27/2016,50.62,30.51
5/26/2016,50.16,30.39
5/25/2016,49.85,30.22
5/24/2016,49.58,30.13
5/23/2016,49.14,29.99
5/20/2016,49.66,30.09
5/19/2016,49.63,30.08
5/18/2016,50.39,30.09
5/17/2016,50.90,30.60
5/16/2016,51.23,30.74
5/13/2016,50.94,30.64
5/12/2016,51.47,30.95
5/11/2016,51.15,30.66
5/10/2016,51.54,30.76
5/9/2016,51.08,30.41
5/6/2016,51.12,30.51
5/5/2016,50.84,30.31
5/4/2016,50.84,30.42
5/3/2016,50.68,30.45
5/2/2016,51.32,30.60
4/29/2016,50.94,30.38
4/28/2016,51.02,30.24
4/27/2016,51.69,30.30
4/26/2016,50.44,29.81
4/25/2016,50.76,29.90
4/22/2016,50.55,29.79
4/21/2016,50.03,29.63
4/20/2016,51.75,30.30
4/19/2016,52.08,30.46
4/18/2016,51.73,30.24
4/15/2016,51.35,30.11
4/14/2016,51.36,30.06
4/13/2016,51.29,29.93
4/12/2016,51.95,30.26
4/11/2016,51.61,30.04
4/8/2016,52.18,30.13
4/7/2016,52.00,30.20
4/6/2016,53.52,30.24
4/5/2016,54.09,30.67
4/4/2016,54.42,30.80
4/1/2016,54.01,30.56
3/31/2016,54.08,30.65
3/30/2016,54.04,30.81
3/29/2016,54.05,30.87
3/28/2016,53.40,30.57
3/24/2016,53.56,30.42
3/23/2016,52.91,30.16
3/22/2016,53.21,30.23
3/21/2016,53.44,30.46
3/18/2016,53.24,30.17
3/17/2016,53.63,30.61
3/16/2016,53.21,30.34
3/15/2016,52.67,30.14
3/14/2016,52.54,29.99
3/11/2016,52.53,30.02
3/10/2016,52.32,29.98
3/9/2016,52.34,29.72
3/8/2016,52.46,29.81
3/7/2016,52.21,29.84
3/4/2016,51.81,29.68
3/3/2016,51.89,29.73
3/2/2016,52.12,29.49
3/1/2016,51.46,29.26
2/29/2016,50.73,28.91
2/26/2016,51.02,29.05
2/25/2016,51.11,29.24
2/24/2016,50.82,29.03
2/23/2016,50.63,28.75
2/22/2016,51.07,28.84
2/19/2016,50.86,28.62
2/18/2016,50.94,28.95
2/17/2016,50.32,28.67
2/16/2016,50.24,28.68
2/12/2016,50.11,28.54
2/11/2016,49.39,28.34
2/10/2016,49.98,28.51
2/9/2016,50.15,28.68
2/8/2016,50.74,29.04
2/5/2016,50.97,28.86
2/4/2016,50.43,28.59
2/3/2016,50.62,28.73
2/2/2016,49.91,28.22
2/1/2016,50.76,28.31
1/29/2016,49.97,28.22
1/28/2016,49.01,27.80
1/27/2016,49.03,27.76
1/26/2016,48.25,27.70
1/25/2016,47.03,27.39
1/22/2016,47.04,27.50
1/21/2016,45.87,27.03
1/20/2016,44.42,26.53
1/19/2016,44.87,27.00
1/15/2016,44.43,26.60
1/14/2016,44.87,26.84
1/13/2016,44.15,26.40
1/12/2016,44.93,26.53
1/11/2016,45.09,26.57
1/8/2016,44.83,26.25
1/7/2016,45.27,26.22
1/6/2016,45.52,26.65
1/5/2016,46.50,27.07
1/4/2016,45.87,26.88
12/31/2015,46.22,26.93
12/30/2015,46.77,27.18
12/29/2015,47.21,27.33
12/28/2015,46.75,27.20
12/24/2015,46.71,27.12
12/23/2015,46.95,27.22
12/22/2015,46.34,26.93
12/21/2015,45.90,26.68
12/18/2015,45.56,26.29
12/17/2015,46.10,26.63
12/16/2015,46.51,26.92
12/15/2015,45.55,26.46
12/14/2015,45.45,26.29
12/11/2015,44.82,25.96
12/10/2015,45.32,26.35
12/9/2015,45.36,26.27
12/8/2015,45.70,26.49
12/7/2015,46.06,26.82
12/4/2015,45.71,26.69
12/3/2015,44.56,25.90
12/2/2015,44.92,26.26
12/1/2015,45.58,26.43
11/30/2015,45.45,26.35
11/27/2015,45.23,26.27
11/25/2015,44.92,26.18
11/24/2015,45.19,26.13
11/23/2015,44.99,26.18
11/20/2015,45.39,26.34
11/19/2015,45.76,26.31
11/18/2015,45.38,26.25
11/17/2015,45.08,26.03
11/16/2015,45.04,25.85
11/13/2015,44.23,25.28
11/12/2015,44.83,25.58
11/11/2015,45.32,25.76
11/10/2015,45.10,25.66
11/9/2015,45.30,25.70
11/6/2015,45.78,25.95
11/5/2015,46.20,26.09
11/4/2015,46.14,26.20
11/3/2015,46.45,26.32
11/2/2015,46.78,26.30
10/30/2015,46.88,26.22
10/29/2015,46.40,26.25
10/28/2015,46.48,26.15
10/27/2015,46.17,25.99
10/26/2015,46.36,26.34
10/23/2015,46.16,26.40
10/22/2015,45.89,26.57
10/21/2015,44.86,26.29
10/20/2015,45.24,26.41
10/19/2015,44.70,26.32
10/16/2015,44.70,26.47
10/15/2015,44.67,26.21
10/14/2015,43.99,26.03
10/13/2015,44.36,26.00
10/12/2015,44.30,26.06
10/9/2015,44.16,25.93
10/8/2015,44.23,26.14
10/7/2015,43.85,25.92
10/6/2015,44.06,26.07
10/5/2015,44.00,26.16
10/2/2015,42.84,25.54
10/1/2015,42.96,25.46
9/30/2015,43.51,25.49
9/29/2015,43.53,25.10
9/28/2015,43.74,24.96
9/25/2015,44.22,25.30
9/24/2015,44.09,25.13
9/23/2015,43.98,25.20
9/22/2015,44.43,25.25
9/21/2015,44.80,25.48
9/18/2015,44.57,25.47
9/17/2015,45.23,25.65
9/16/2015,46.19,25.78
9/15/2015,46.37,25.71
9/14/2015,45.65,25.47
9/11/2015,45.73,25.60
9/10/2015,45.46,25.63
9/9/2015,45.39,25.65
9/8/2015,45.88,25.93
9/4/2015,44.82,25.48
9/3/2015,45.72,25.85
9/2/2015,45.35,25.68
9/1/2015,44.90,25.29
8/31/2015,46.01,25.98
8/28/2015,46.07,26.05
8/27/2015,46.19,26.17
8/26/2015,45.16,25.58
8/25/2015,43.50,24.88
8/24/2015,44.74,25.33
8/21/2015,46.10,26.12
8/20/2015,46.88,26.57
8/19/2015,47.44,26.89
8/18/2015,47.46,26.88
8/17/2015,47.52,26.79
8/14/2015,47.49,26.64
8/13/2015,47.66,26.46
8/12/2015,47.85,26.62
8/11/2015,47.60,27.11
8/10/2015,47.23,27.22
8/7/2015,46.36,26.77
8/6/2015,46.63,26.79
8/5/2015,46.64,27.05
8/4/2015,46.67,27.06
8/3/2015,46.97,27.12
7/31/2015,46.79,27.18
7/30/2015,46.67,27.23
7/29/2015,46.56,27.15
7/28/2015,45.89,26.86
7/27/2015,45.83,26.86
7/24/2015,46.04,26.83
7/23/2015,46.35,26.55
7/22/2015,46.45,26.82
7/21/2015,46.97,27.05
7/20/2015,48.10,27.31
7/17/2015,47.59,27.40
7/16/2015,47.83,27.51
7/15/2015,47.33,27.18
7/14/2015,47.41,27.48
7/13/2015,47.20,27.29
7/10/2015,47.00,27.11
7/9/2015,46.26,26.91
7/8/2015,46.58,27.22
7/7/2015,47.25,27.99
7/6/2015,47.04,27.87
7/2/2015,47.20,27.96
7/1/2015,47.00,27.83
6/30/2015,46.61,27.80
6/29/2015,46.77,27.99
6/26/2015,47.62,28.26
6/25/2015,47.44,28.31
6/24/2015,47.29,28.00
6/23/2015,47.77,28.10
6/22/2015,47.53,27.42
6/19/2015,47.46,27.38
6/18/2015,47.77,27.40
6/17/2015,47.27,27.23
6/16/2015,47.42,27.13
6/15/2015,47.00,26.93
6/12/2015,47.25,27.11
6/11/2015,47.76,27.29
6/10/2015,47.47,27.17
6/9/2015,47.34,27.00
6/8/2015,47.44,27.07
6/5/2015,47.23,27.05
6/4/2015,48.10,27.60
6/3/2015,49.08,27.41
6/2/2015,49.14,26.89
6/1/2015,49.22,26.88
5/29/2015,49.44,27.03
5/28/2015,49.54,27.23
5/27/2015,49.57,27.35
5/26/2015,49.42,27.13
5/22/2015,49.61,27.16
5/21/2015,49.90,27.44
5/20/2015,49.69,27.09
5/19/2015,49.55,26.90
5/18/2015,49.60,27.29
5/15/2015,49.79,26.86
5/14/2015,49.97,26.71
5/13/2015,49.73,26.53
5/12/2015,49.62,26.34
5/11/2015,49.80,26.21
5/8/2015,50.14,26.36
5/7/2015,49.73,26.11
5/6/2015,49.64,26.12
5/5/2015,50.09,26.39
5/4/2015,50.52,27.02
5/1/2015,50.41,26.93
4/30/2015,50.44,27.11
4/29/2015,50.47,27.20
4/28/2015,50.55,27.28
4/27/2015,50.08,26.68
4/24/2015,50.03,26.61
4/23/2015,50.05,26.79
4/22/2015,49.57,25.71
4/21/2015,49.17,25.56
4/20/2015,49.38,25.69
4/17/2015,48.90,25.44
4/16/2015,49.27,25.63
4/15/2015,49.39,25.74
4/14/2015,49.18,25.58
4/13/2015,49.04,25.73
4/10/2015,49.22,25.64
4/9/2015,49.01,25.58
4/8/2015,49.13,25.55
4/7/2015,49.27,25.95
4/6/2015,49.63,26.08
4/2/2015,49.47,25.92
4/1/2015,48.92,25.74
3/31/2015,48.63,25.55
3/30/2015,49.12,25.80
3/27/2015,48.56,25.63
3/26/2015,48.42,25.68
3/25/2015,48.73,25.53
3/24/2015,49.41,25.88
3/23/2015,49.64,26.04
3/20/2015,49.56,26.00
3/19/2015,49.30,25.98
3/18/2015,49.54,26.28
3/17/2015,48.95,25.74
3/16/2015,49.27,25.87
3/13/2015,48.84,25.64
3/12/2015,48.73,25.92
3/11/2015,47.68,25.53
3/10/2015,47.51,25.65
3/9/2015,48.23,26.10
3/6/2015,48.29,26.20
3/5/2015,48.92,26.61
3/4/2015,49.07,26.61
3/3/2015,49.55,26.93
3/2/2015,49.47,27.11
2/27/2015,49.45,27.04
2/26/2015,49.37,27.00
2/25/2015,49.20,26.77
2/24/2015,49.22,26.64
2/23/2015,48.77,26.49
2/20/2015,48.97,26.67
2/19/2015,48.91,26.68
2/18/2015,48.94,26.99
2/17/2015,49.18,27.16
2/13/2015,49.31,27.12
2/12/2015,49.52,27.08
2/11/2015,49.81,26.91
2/10/2015,49.51,27.27
2/9/2015,49.09,27.11
2/6/2015,49.33,27.29
2/5/2015,47.86,27.03
2/4/2015,47.80,26.93
2/3/2015,47.83,26.87
2/2/2015,46.98,26.26
1/30/2015,45.71,25.76
1/29/2015,46.11,25.79
1/28/2015,46.05,25.57
1/27/2015,46.35,25.67
1/26/2015,46.96,25.96
1/23/2015,47.15,26.11
1/22/2015,47.80,26.44
1/21/2015,48.25,26.61
1/20/2015,48.18,26.57
1/16/2015,47.99,26.45
1/15/2015,47.10,26.03
1/14/2015,46.97,26.08
1/13/2015,47.18,26.21
1/12/2015,47.08,26.21
1/9/2015,46.76,26.14
1/8/2015,47.18,26.21
1/7/2015,46.19,25.96
1/6/2015,47.04,26.29
1/5/2015,46.57,26.25
1/2/2015,46.96,26.50
12/31/2014,46.78,26.28
12/30/2014,47.33,26.67
12/29/2014,47.55,26.69
12/26/2014,47.86,26.74
12/24/2014,47.67,26.57
12/23/2014,47.67,26.63
12/22/2014,47.51,26.49
12/19/2014,47.02,26.25
12/18/2014,47.05,26.22
12/17/2014,46.44,25.56
12/16/2014,45.53,25.15
12/15/2014,45.42,25.24
12/12/2014,45.58,25.17
12/11/2014,46.36,25.60
12/10/2014,46.18,25.42
12/9/2014,46.92,25.74
12/8/2014,48.90,26.51
12/5/2014,48.61,26.56
12/4/2014,48.78,26.54
12/3/2014,48.79,26.61
12/2/2014,49.11,26.83
12/1/2014,50.03,27.44
11/28/2014,50.59,27.69
11/26/2014,50.04,27.49
11/25/2014,49.34,27.25
11/24/2014,49.50,27.15
11/21/2014,50.21,27.61
11/20/2014,50.19,27.61
11/19/2014,50.49,27.68
11/18/2014,51.22,27.95
11/17/2014,51.40,28.05
11/14/2014,51.50,28.09
11/13/2014,51.20,27.87
11/12/2014,50.82,27.70
11/11/2014,50.61,27.47
11/10/2014,50.72,27.48
11/7/2014,50.86,27.32
11/6/2014,50.28,27.17
11/5/2014,50.34,27.33
11/4/2014,50.33,27.22
11/3/2014,50.39,27.26
10/31/2014,50.25,27.26
10/30/2014,49.90,27.00
10/29/2014,49.83,26.92
10/28/2014,49.96,26.86
10/27/2014,49.42,26.69
10/24/2014,48.77,26.50
10/23/2014,48.22,26.34
10/22/2014,48.31,27.00
10/21/2014,48.69,27.09
10/20/2014,48.48,26.82
10/17/2014,48.07,26.67
10/16/2014,47.67,26.32
10/15/2014,47.92,26.50
10/14/2014,48.22,26.48
10/13/2014,48.37,26.46
10/10/2014,48.94,26.80
10/9/2014,48.93,27.12
10/8/2014,49.87,27.51
10/7/2014,49.68,27.65
10/6/2014,50.08,27.77
10/3/2014,49.71,27.67
10/2/2014,49.29,27.36
10/1/2014,49.43,27.36
9/30/2014,49.99,27.58
9/29/2014,49.75,27.57
9/26/2014,49.77,27.61
9/25/2014,49.61,27.45
9/24/2014,50.07,27.70
9/23/2014,49.91,27.59
9/22/2014,50.18,27.78
9/19/2014,50.35,27.76
9/18/2014,49.69,27.51
9/17/2014,49.21,27.40
9/16/2014,48.96,27.35
9/15/2014,48.56,27.15
9/12/2014,48.40,27.00
9/11/2014,49.01,27.27
9/10/2014,48.75,27.15
9/9/2014,48.90,27.12
9/8/2014,49.53,27.40
9/5/2014,49.94,27.51
9/4/2014,49.72,27.34
9/3/2014,49.88,27.36
9/2/2014,49.77,27.26
8/29/2014,49.82,27.36
8/28/2014,49.41,27.18
8/27/2014,49.43,27.19
8/26/2014,49.25,27.00
8/25/2014,49.15,27.00
8/22/2014,48.64,27.00
8/21/2014,48.87,27.11
8/20/2014,48.82,27.02
8/19/2014,48.70,26.98
8/18/2014,48.78,27.11
8/15/2014,48.80,27.18
8/14/2014,49.00,27.32
8/13/2014,48.92,27.15
8/12/2014,48.84,27.11
8/11/2014,48.67,26.97
8/8/2014,48.70,26.97
8/7/2014,48.65,26.77
8/6/2014,49.13,27.09
8/5/2014,49.66,27.47
8/4/2014,50.21,27.75
8/1/2014,49.83,27.65
7/31/2014,50.42,27.85
7/30/2014,51.76,28.45
7/29/2014,51.97,28.63
7/28/2014,51.58,27.90
7/25/2014,51.28,27.81
7/24/2014,51.05,27.78
7/23/2014,50.91,28.08
7/22/2014,50.98,28.12
7/21/2014,50.70,28.14
7/18/2014,50.75,28.30
7/17/2014,50.32,28.19
7/16/2014,50.96,28.52
7/15/2014,50.71,28.36
7/14/2014,50.53,28.06
7/11/2014,50.32,27.98
7/10/2014,49.64,27.94
7/9/2014,48.90,27.90
7/8/2014,48.76,27.83
7/7/2014,49.75,28.19
7/3/2014,49.71,28.05
7/2/2014,49.66,27.91
7/1/2014,49.37,27.76
6/30/2014,48.93,27.67
6/27/2014,49.32,27.71
6/26/2014,49.21,27.59
6/25/2014,49.41,27.59
6/24/2014,49.28,27.62
6/23/2014,49.73,27.69
6/20/2014,49.39,27.69
6/19/2014,49.47,27.67
6/18/2014,49.42,27.54
6/17/2014,49.21,27.40
6/16/2014,49.31,27.37
6/13/2014,49.18,27.41
6/12/2014,49.04,27.26
6/11/2014,49.37,27.24
6/10/2014,49.52,27.34
6/9/2014,49.57,27.40
6/6/2014,49.42,27.40
6/5/2014,49.28,27.47
6/4/2014,49.15,27.43
6/3/2014,49.29,27.54
6/2/2014,50.05,27.73
5/30/2014,49.96,27.76
5/29/2014,49.72,27.69
5/28/2014,49.74,27.65
5/27/2014,49.62,27.55
5/23/2014,49.74,27.64
5/22/2014,49.45,27.69
5/21/2014,49.17,27.60
5/20/2014,48.65,27.78
5/19/2014,49.15,28.47
5/16/2014,49.07,28.75
5/15/2014,47.96,28.58
5/14/2014,48.01,28.48
5/13/2014,47.85,28.33
5/12/2014,48.16,28.62
5/9/2014,48.48,28.52
5/8/2014,48.49,28.48
5/7/2014,48.10,27.98
5/6/2014,47.47,27.77
5/5/2014,47.39,27.98
5/2/2014,47.12,27.88
5/1/2014,47.22,27.84
4/30/2014,46.73,27.94
4/29/2014,46.77,27.72
4/28/2014,46.60,27.45
4/25/2014,45.94,26.99
4/24/2014,46.28,27.00
4/23/2014,47.43,27.33
4/22/2014,47.92,28.40
4/21/2014,47.98,28.22
4/17/2014,47.60,28.20
4/16/2014,47.10,28.25
4/15/2014,46.92,27.92
4/14/2014,47.27,27.67
4/11/2014,47.07,27.54
4/10/2014,47.47,27.48
4/9/2014,47.98,27.33
4/8/2014,48.21,27.60
4/7/2014,48.12,27.77
4/4/2014,48.04,27.82
4/3/2014,48.12,27.88
4/2/2014,47.82,27.68
4/1/2014,47.75,27.46
3/31/2014,47.57,27.44
3/28/2014,47.42,27.44
3/27/2014,47.69,27.36
3/26/2014,47.01,27.08
3/25/2014,47.22,27.17
3/24/2014,47.01,26.97
3/21/2014,46.91,26.84
3/20/2014,47.21,26.68
3/19/2014,46.36,25.79
3/18/2014,46.70,25.81
3/17/2014,46.31,25.74
3/14/2014,46.08,25.42
3/13/2014,46.03,25.31
3/12/2014,46.36,25.34
3/11/2014,46.70,25.22
3/10/2014,47.03,25.44
3/7/2014,47.15,25.46
3/6/2014,47.46,25.31
3/5/2014,47.38,25.14
3/4/2014,47.90,25.16
3/3/2014,47.31,24.93
2/28/2014,47.58,24.99
2/27/2014,47.50,25.22
2/26/2014,46.35,25.04
2/25/2014,46.29,25.17
2/24/2014,46.23,25.41
2/21/2014,47.27,25.67
2/20/2014,48.12,25.96
2/19/2014,46.53,25.71
2/18/2014,45.98,25.68
2/14/2014,46.51,25.94
2/13/2014,47.31,26.21
2/12/2014,47.37,25.78
2/11/2014,47.21,25.78
2/10/2014,46.91,25.38
2/7/2014,46.81,25.28
2/6/2014,46.68,25.04
2/5/2014,46.69,25.10
2/4/2014,46.82,25.39
2/3/2014,46.41,25.00
1/31/2014,48.02,26.07
1/30/2014,47.63,26.10
1/29/2014,47.69,26.07
1/28/2014,47.36,26.37
1/27/2014,47.69,26.22
1/24/2014,47.63,26.15
1/23/2014,47.86,26.45
1/22/2014,47.33,26.09
1/21/2014,47.70,26.27
1/17/2014,48.35,26.37
1/16/2014,48.53,26.57
1/15/2014,48.27,26.44
1/14/2014,47.08,26.20
1/13/2014,47.03,26.06
1/10/2014,47.75,26.31
1/9/2014,47.50,26.25
1/8/2014,48.50,26.79
1/7/2014,49.30,27.35
1/6/2014,48.69,27.36
1/3/2014,48.42,27.23
1/2/2014,49.00,27.35
12/31/2013,49.14,27.51
12/30/2013,49.15,27.54
12/27/2013,49.17,27.53
12/26/2013,49.18,27.51
12/24/2013,48.98,27.35
12/23/2013,48.58,27.15
12/20/2013,48.08,26.84
12/19/2013,48.43,26.96
12/18/2013,48.47,26.90
12/17/2013,47.56,26.49
12/16/2013,48.26,26.72
12/13/2013,47.84,26.49
12/12/2013,48.13,26.52
12/11/2013,48.49,26.57
12/10/2013,49.05,26.92
12/9/2013,49.57,27.15
12/6/2013,49.48,27.02
12/5/2013,48.91,26.80
12/4/2013,49.37,27.08
12/3/2013,49.60,27.18
12/2/2013,49.26,27.23
11/29/2013,49.62,27.55
11/27/2013,49.93,27.71
11/26/2013,50.05,27.61
11/25/2013,50.01,27.68
11/22/2013,50.22,27.72
11/21/2013,50.38,27.62
11/20/2013,50.40,27.70
11/19/2013,50.78,27.95
11/18/2013,50.76,27.86
11/15/2013,50.31,27.72
11/14/2013,50.27,27.51
11/13/2013,49.99,27.44
11/12/2013,50.16,27.52
11/11/2013,49.96,27.41
11/8/2013,50.20,27.52
11/7/2013,50.17,27.47
11/6/2013,50.61,28.03
11/5/2013,50.10,27.80
11/4/2013,51.08,28.52
11/1/2013,50.49,28.36
10/31/2013,50.51,28.33
10/30/2013,50.53,28.37
10/29/2013,51.09,28.38
10/28/2013,50.57,27.83
10/25/2013,50.71,27.54
10/24/2013,50.42,27.10
10/23/2013,50.82,27.61
10/22/2013,51.14,27.57
10/21/2013,50.58,27.56
10/18/2013,50.01,27.08
10/17/2013,48.90,26.95
10/16/2013,47.25,26.76
10/15/2013,46.32,26.38
10/14/2013,46.81,26.54
10/11/2013,47.09,26.76
10/10/2013,46.86,26.72
10/9/2013,46.20,26.41
10/8/2013,46.05,25.91
10/7/2013,47.29,26.61
10/4/2013,47.10,26.41
10/3/2013,47.01,26.32
10/2/2013,46.79,26.56
10/1/2013,46.99,26.65
9/30/2013,46.68,26.46
9/27/2013,47.00,26.59
9/26/2013,47.67,26.79
9/25/2013,46.95,26.64
9/24/2013,47.27,26.68
9/23/2013,47.98,26.78
9/20/2013,47.78,26.85
9/19/2013,48.51,27.24
9/18/2013,48.72,27.35
9/17/2013,48.57,27.19
9/16/2013,48.30,27.05
9/13/2013,47.76,26.86
9/12/2013,47.35,26.90
9/11/2013,46.52,26.58
9/10/2013,46.47,26.58
9/9/2013,45.91,26.32
9/6/2013,46.34,26.14
9/5/2013,46.64,26.09
9/4/2013,46.78,26.40
9/3/2013,46.01,26.07
8/30/2013,47.38,26.47
8/29/2013,47.82,26.33
8/28/2013,46.56,26.28
8/27/2013,46.95,26.36
8/26/2013,46.94,26.46
8/23/2013,47.61,26.83
8/22/2013,47.02,26.46
8/21/2013,47.27,26.20
8/20/2013,47.91,26.50
8/19/2013,47.50,26.44
8/16/2013,47.71,26.75
8/15/2013,48.54,26.88
8/14/2013,48.89,27.21
8/13/2013,49.15,27.17
8/12/2013,49.65,27.33
8/9/2013,49.32,27.23
8/8/2013,49.62,27.62
8/7/2013,49.93,27.85
8/6/2013,50.09,27.76
8/5/2013,50.21,27.91
8/2/2013,50.25,27.99
8/1/2013,50.01,27.95
7/31/2013,49.48,27.60
7/30/2013,50.42,27.72
7/29/2013,51.49,28.08
7/26/2013,51.02,27.86
7/25/2013,50.71,27.75
7/24/2013,50.38,27.70
7/23/2013,50.36,28.02
7/22/2013,50.27,27.84
7/19/2013,49.95,28.02
7/18/2013,49.97,27.97
7/17/2013,50.74,28.14
7/16/2013,50.28,28.08
7/15/2013,49.96,27.82
7/12/2013,50.41,28.02
7/11/2013,51.21,28.07
7/10/2013,50.54,27.69
7/9/2013,50.96,27.86
7/8/2013,51.17,27.84
7/5/2013,51.30,28.04
7/3/2013,51.01,27.87
7/2/2013,50.63,27.80
7/1/2013,50.36,27.62
6/28/2013,50.34,27.70
6/27/2013,51.00,27.88
6/26/2013,50.66,27.65
6/25/2013,50.44,27.41
6/24/2013,49.12,26.97
6/21/2013,49.52,26.97
6/20/2013,48.96,26.88
6/19/2013,50.05,27.58
6/18/2013,51.55,28.30
6/17/2013,50.71,27.98
6/14/2013,51.07,28.10
6/13/2013,50.64,28.41
6/12/2013,49.90,27.87
6/11/2013,50.18,27.98
6/10/2013,50.53,28.16
6/7/2013,50.24,27.74
6/6/2013,49.97,28.02
6/5/2013,48.30,27.59
6/4/2013,48.84,27.91
6/3/2013,48.66,27.44
5/31/2013,48.48,27.38
5/30/2013,49.08,27.78
5/29/2013,49.57,28.10
5/28/2013,50.82,28.31
5/24/2013,51.39,28.76
5/23/2013,51.89,28.75
5/22/2013,51.47,28.66
5/21/2013,52.07,28.91
5/20/2013,52.74,29.13
5/17/2013,53.35,29.30
5/16/2013,53.20,29.25
5/15/2013,53.60,29.37
5/14/2013,53.17,29.13
5/13/2013,52.55,28.95
5/10/2013,52.89,29.23
5/9/2013,52.71,29.21
5/8/2013,53.11,29.60
5/7/2013,52.92,29.36
5/6/2013,52.05,29.02
5/3/2013,52.68,29.22
5/2/2013,52.53,29.39
5/1/2013,52.40,29.39
4/30/2013,53.91,29.31
4/29/2013,53.46,29.19
4/26/2013,53.63,28.98
4/25/2013,53.22,29.17
4/24/2013,51.80,28.98
4/23/2013,52.32,30.52
4/22/2013,52.19,30.31
4/19/2013,52.25,29.95
4/18/2013,50.91,29.53
4/17/2013,49.54,29.56
4/16/2013,50.46,29.69
4/15/2013,50.64,29.70
4/12/2013,50.86,30.20
4/11/2013,50.51,30.16
4/10/2013,49.86,29.88
4/9/2013,49.36,29.55
4/8/2013,49.43,29.44
4/5/2013,49.56,29.75
4/4/2013,49.30,29.67
4/3/2013,48.99,29.17
4/2/2013,49.50,29.40
4/1/2013,49.22,29.15
3/28/2013,49.15,28.71
3/27/2013,48.94,28.66
3/26/2013,49.48,28.75
3/25/2013,49.16,28.48
3/22/2013,49.02,28.51
3/21/2013,48.80,28.29
3/20/2013,48.60,28.32
3/19/2013,48.95,28.28
3/18/2013,48.75,28.29
3/15/2013,48.02,28.51
3/14/2013,48.48,28.84
3/13/2013,47.94,28.64
3/12/2013,48.36,28.73
3/11/2013,47.81,28.64
3/8/2013,47.96,28.70
3/7/2013,47.48,28.48
3/6/2013,47.28,28.40
3/5/2013,47.69,28.64
3/4/2013,47.11,28.35
3/1/2013,46.72,28.18
2/28/2013,46.53,28.10
2/27/2013,46.35,28.05
2/26/2013,46.12,27.77
2/25/2013,45.72,27.54
2/22/2013,45.40,27.92
2/21/2013,45.12,27.72
2/20/2013,44.92,27.76
2/19/2013,44.50,27.91
2/15/2013,44.40,27.67
2/14/2013,44.33,27.62
2/13/2013,44.52,27.72
2/12/2013,44.44,27.86
2/11/2013,44.32,27.57
2/8/2013,44.35,27.60
2/7/2013,44.46,27.60
2/6/2013,44.75,27.72
2/5/2013,44.56,27.66
2/4/2013,44.52,27.57
2/1/2013,44.56,27.79
1/31/2013,43.61,27.22
1/30/2013,43.61,26.98
1/29/2013,43.50,27.14
1/28/2013,42.77,26.71
1/25/2013,42.67,26.62
1/24/2013,42.59,26.41
1/23/2013,42.79,26.43
1/22/2013,42.94,26.30
1/18/2013,42.54,26.17
1/17/2013,42.13,25.98
1/16/2013,41.51,26.03
1/15/2013,41.97,26.42
1/14/2013,42.59,26.62
1/11/2013,43.30,26.82
1/10/2013,43.59,26.90
1/9/2013,43.00,26.79
1/8/2013,43.10,26.88
1/7/2013,44.69,27.69
1/4/2013,44.30,27.57
1/3/2013,44.06,27.40
1/2/2013,44.27,27.39
12/31/2012,43.27,26.38
12/28/2012,42.90,26.07
12/27/2012,43.48,26.34
12/26/2012,43.45,26.43
12/24/2012,43.54,26.40
12/21/2012,43.57,26.35
12/20/2012,43.81,26.74
12/19/2012,43.38,26.54
12/18/2012,43.87,26.87
12/17/2012,44.12,26.79
12/14/2012,44.21,26.61
12/13/2012,44.52,26.86
12/12/2012,44.79,26.99
12/11/2012,44.44,26.72
12/10/2012,44.03,26.39
12/7/2012,44.41,26.40
12/6/2012,44.45,26.33
12/5/2012,44.10,26.54
12/4/2012,43.67,26.54
12/3/2012,44.10,26.72
11/30/2012,44.12,26.71
11/29/2012,44.01,26.55
